,Position,Track Name,Artist,Streams,URL,danceability,energy,key,loudness,mode,speechiness,acousticness,instrumentalness,liveness,valence,tempo,type,id,uri,track_href,analysis_url,duration_ms,time_signature
0,1,W / X / Y,Tani Yuuki,1695592,https://open.spotify.com/track/4IfrM44LofE9bSs6TDZS49,0.628,0.775,2,-4.479,1,0.0535,0.159,0.0,0.33,0.674,106.382,audio_features,4IfrM44LofE9bSs6TDZS49,spotify:track:4IfrM44LofE9bSs6TDZS49,https://api.spotify.com/v1/tracks/4IfrM44LofE9bSs6TDZS49,https://api.spotify.com/v1/audio-analysis/4IfrM44LofE9bSs6TDZS49,278119,3
1,2,ミックスナッツ,Official HIGE DANdism,1568535,https://open.spotify.com/track/60ReNXcPcsVFd7nUuQw5HZ,0.542,0.918,6,-5.074,1,0.0937,0.0101,0.0,0.259,0.784,150.094,audio_features,60ReNXcPcsVFd7nUuQw5HZ,spotify:track:60ReNXcPcsVFd7nUuQw5HZ,https://api.spotify.com/v1/tracks/60ReNXcPcsVFd7nUuQw5HZ,https://api.spotify.com/v1/audio-analysis/60ReNXcPcsVFd7nUuQw5HZ,213438,4
2,3,シンデレラボーイ,Saucy Dog,1552549,https://open.spotify.com/track/1Vqs0lXeJafYZz2sxnfB3V,0.596,0.735,9,-6.362,1,0.0332,0.0748,0.0,0.269,0.524,108.106,audio_features,1Vqs0lXeJafYZz2sxnfB3V,spotify:track:1Vqs0lXeJafYZz2sxnfB3V,https://api.spotify.com/v1/tracks/1Vqs0lXeJafYZz2sxnfB3V,https://api.spotify.com/v1/audio-analysis/1Vqs0lXeJafYZz2sxnfB3V,234324,4
3,4,ベテルギウス,Yuuri,1418578,https://open.spotify.com/track/4JK1kDUdH9RTBQrrSO1QfR,0.367,0.671,5,-4.604,1,0.0478,0.222,0.0,0.494,0.691,179.833,audio_features,4JK1kDUdH9RTBQrrSO1QfR,spotify:track:4JK1kDUdH9RTBQrrSO1QfR,https://api.spotify.com/v1/tracks/4JK1kDUdH9RTBQrrSO1QfR,https://api.spotify.com/v1/audio-analysis/4JK1kDUdH9RTBQrrSO1QfR,230600,4
4,5,M八七,Kenshi Yonezu,1320857,https://open.spotify.com/track/3sFdaHo9D3hfiFt2wVi6a5,0.633,0.719,1,-8.329,1,0.0418,0.3,2.23e-05,0.34,0.334,112.013,audio_features,3sFdaHo9D3hfiFt2wVi6a5,spotify:track:3sFdaHo9D3hfiFt2wVi6a5,https://api.spotify.com/v1/tracks/3sFdaHo9D3hfiFt2wVi6a5,https://api.spotify.com/v1/audio-analysis/3sFdaHo9D3hfiFt2wVi6a5,263120,4
5,6,なんでもないよ、,Macaroni Empitsu,1278166,https://open.spotify.com/track/5W7Y92LB4jWvu9NeEQ0GZl,0.598,0.511,4,-6.015,1,0.0423,0.245,0.0,0.0732,0.652,171.845,audio_features,5W7Y92LB4jWvu9NeEQ0GZl,spotify:track:5W7Y92LB4jWvu9NeEQ0GZl,https://api.spotify.com/v1/tracks/5W7Y92LB4jWvu9NeEQ0GZl,https://api.spotify.com/v1/audio-analysis/5W7Y92LB4jWvu9NeEQ0GZl,219253,4
6,7,Habit,SEKAI NO OWARI,1217306,https://open.spotify.com/track/2uMNMcjjUz8oNIxjIu20qE,0.749,0.85,10,-5.39,0,0.126,0.203,0.0,0.18,0.912,117.968,audio_features,2uMNMcjjUz8oNIxjIu20qE,spotify:track:2uMNMcjjUz8oNIxjIu20qE,https://api.spotify.com/v1/tracks/2uMNMcjjUz8oNIxjIu20qE,https://api.spotify.com/v1/audio-analysis/2uMNMcjjUz8oNIxjIu20qE,253154,4
7,8,Comedy,Gen Hoshino,1156192,https://open.spotify.com/track/5SuOikwiRyPMVoIQDJUgSV,0.676,0.461,1,-6.746,0,0.143,0.0322,1.01e-06,0.358,0.715,87.917,audio_features,5SuOikwiRyPMVoIQDJUgSV,spotify:track:5SuOikwiRyPMVoIQDJUgSV,https://api.spotify.com/v1/tracks/5SuOikwiRyPMVoIQDJUgSV,https://api.spotify.com/v1/audio-analysis/5SuOikwiRyPMVoIQDJUgSV,230667,4
8,9,ドライフラワー,Yuuri,1138709,https://open.spotify.com/track/4kPlQKwtPrnqLgrmmKFSlA,0.463,0.603,7,-5.464,1,0.0276,0.495,0.0,0.167,0.477,148.089,audio_features,4kPlQKwtPrnqLgrmmKFSlA,spotify:track:4kPlQKwtPrnqLgrmmKFSlA,https://api.spotify.com/v1/tracks/4kPlQKwtPrnqLgrmmKFSlA,https://api.spotify.com/v1/audio-analysis/4kPlQKwtPrnqLgrmmKFSlA,286360,4
9,10,Bye-Good-Bye,BE:FIRST,1132790,https://open.spotify.com/track/0rPrGZTtScNSRL2jZoooKO,0.877,0.639,2,-5.509,1,0.0496,0.108,0.0,0.0806,0.79,115.028,audio_features,0rPrGZTtScNSRL2jZoooKO,spotify:track:0rPrGZTtScNSRL2jZoooKO,https://api.spotify.com/v1/tracks/0rPrGZTtScNSRL2jZoooKO,https://api.spotify.com/v1/audio-analysis/0rPrGZTtScNSRL2jZoooKO,181013,4
10,11,カメレオン,King Gnu,1111848,https://open.spotify.com/track/0J0P8iSE6l3pYHbUdNFYdS,0.628,0.533,0,-7.235,1,0.0417,0.643,0.0,0.0733,0.459,79.953,audio_features,0J0P8iSE6l3pYHbUdNFYdS,spotify:track:0J0P8iSE6l3pYHbUdNFYdS,https://api.spotify.com/v1/tracks/0J0P8iSE6l3pYHbUdNFYdS,https://api.spotify.com/v1/audio-analysis/0J0P8iSE6l3pYHbUdNFYdS,193990,4
11,12,水平線,back number,1101862,https://open.spotify.com/track/5m1i6hq7dmRlp3c1utE48L,0.419,0.75,10,-3.546,1,0.0316,0.011,0.0,0.159,0.436,145.867,audio_features,5m1i6hq7dmRlp3c1utE48L,spotify:track:5m1i6hq7dmRlp3c1utE48L,https://api.spotify.com/v1/tracks/5m1i6hq7dmRlp3c1utE48L,https://api.spotify.com/v1/audio-analysis/5m1i6hq7dmRlp3c1utE48L,285396,4
12,13,CITRUS,Da-iCE,1022943,https://open.spotify.com/track/2IL2asrtx7XM1y8fu2RMnR,0.549,0.861,1,-2.526,1,0.0459,0.22,0.0,0.361,0.739,82.042,audio_features,2IL2asrtx7XM1y8fu2RMnR,spotify:track:2IL2asrtx7XM1y8fu2RMnR,https://api.spotify.com/v1/tracks/2IL2asrtx7XM1y8fu2RMnR,https://api.spotify.com/v1/audio-analysis/2IL2asrtx7XM1y8fu2RMnR,248653,4
13,14,シャッター,Yuuri,1020036,https://open.spotify.com/track/19mjCzLuMHZ0Tyn3eI85bo,0.606,0.579,5,-5.582,1,0.033,0.512,0.0,0.381,0.661,149.988,audio_features,19mjCzLuMHZ0Tyn3eI85bo,spotify:track:19mjCzLuMHZ0Tyn3eI85bo,https://api.spotify.com/v1/tracks/19mjCzLuMHZ0Tyn3eI85bo,https://api.spotify.com/v1/audio-analysis/19mjCzLuMHZ0Tyn3eI85bo,248947,4
14,15,きらり,Fujii Kaze,977385,https://open.spotify.com/track/51oc6MEsXTpnPn6GOw5VuP,0.746,0.764,2,-6.833,1,0.0462,0.00803,0.0,0.357,0.701,116.982,audio_features,51oc6MEsXTpnPn6GOw5VuP,spotify:track:51oc6MEsXTpnPn6GOw5VuP,https://api.spotify.com/v1/tracks/51oc6MEsXTpnPn6GOw5VuP,https://api.spotify.com/v1/audio-analysis/51oc6MEsXTpnPn6GOw5VuP,231883,4
15,16,残響散歌,Aimer,965617,https://open.spotify.com/track/7v8wKvNQQIxkugCFFjrkaO,0.367,0.896,11,-4.002,1,0.091,0.000627,0.0,0.207,0.38,170.863,audio_features,7v8wKvNQQIxkugCFFjrkaO,spotify:track:7v8wKvNQQIxkugCFFjrkaO,https://api.spotify.com/v1/tracks/7v8wKvNQQIxkugCFFjrkaO,https://api.spotify.com/v1/audio-analysis/7v8wKvNQQIxkugCFFjrkaO,184893,4
16,17,恋風邪にのせて,Vaundy,948618,https://open.spotify.com/track/5PeXak0Ox3JmH2oor0qnGt,0.595,0.909,6,-3.594,0,0.0341,6.4e-05,0.000355,0.387,0.537,118.021,audio_features,5PeXak0Ox3JmH2oor0qnGt,spotify:track:5PeXak0Ox3JmH2oor0qnGt,https://api.spotify.com/v1/tracks/5PeXak0Ox3JmH2oor0qnGt,https://api.spotify.com/v1/audio-analysis/5PeXak0Ox3JmH2oor0qnGt,255914,4
17,18,Dynamite,BTS,919250,https://open.spotify.com/track/5QDLhrAOJJdNAmCTJ8xMyW,0.746,0.765,6,-4.41,0,0.0993,0.0112,0.0,0.0936,0.737,114.044,audio_features,5QDLhrAOJJdNAmCTJ8xMyW,spotify:track:5QDLhrAOJJdNAmCTJ8xMyW,https://api.spotify.com/v1/tracks/5QDLhrAOJJdNAmCTJ8xMyW,https://api.spotify.com/v1/audio-analysis/5QDLhrAOJJdNAmCTJ8xMyW,199054,4
18,19,Butter,BTS,918455,https://open.spotify.com/track/1mWdTewIgB3gtBM3TOSFhB,0.759,0.459,8,-5.187,1,0.0948,0.00323,0.0,0.0906,0.695,109.997,audio_features,1mWdTewIgB3gtBM3TOSFhB,spotify:track:1mWdTewIgB3gtBM3TOSFhB,https://api.spotify.com/v1/tracks/1mWdTewIgB3gtBM3TOSFhB,https://api.spotify.com/v1/audio-analysis/1mWdTewIgB3gtBM3TOSFhB,164442,4
19,20,群青,YOASOBI,909669,https://open.spotify.com/track/1zd35Y44Blc1CwwVbW3Qnk,0.725,0.853,10,-3.193,1,0.0516,0.305,0.0,0.115,0.707,134.991,audio_features,1zd35Y44Blc1CwwVbW3Qnk,spotify:track:1zd35Y44Blc1CwwVbW3Qnk,https://api.spotify.com/v1/tracks/1zd35Y44Blc1CwwVbW3Qnk,https://api.spotify.com/v1/audio-analysis/1zd35Y44Blc1CwwVbW3Qnk,248027,4
20,21,FEARLESS,LE SSERAFIM,887421,https://open.spotify.com/track/296nXCOv97WJNRWzIBQnoj,0.863,0.62,7,-7.167,1,0.135,0.0508,0.00324,0.129,0.432,103.971,audio_features,296nXCOv97WJNRWzIBQnoj,spotify:track:296nXCOv97WJNRWzIBQnoj,https://api.spotify.com/v1/tracks/296nXCOv97WJNRWzIBQnoj,https://api.spotify.com/v1/audio-analysis/296nXCOv97WJNRWzIBQnoj,168437,4
21,22,勿忘,Awesome City Club,885302,https://open.spotify.com/track/0XZyF9lv6diMt4bxThOL0h,0.448,0.447,6,-7.161,0,0.045,0.234,0.0,0.382,0.299,78.861,audio_features,0XZyF9lv6diMt4bxThOL0h,spotify:track:0XZyF9lv6diMt4bxThOL0h,https://api.spotify.com/v1/tracks/0XZyF9lv6diMt4bxThOL0h,https://api.spotify.com/v1/audio-analysis/0XZyF9lv6diMt4bxThOL0h,251533,4
22,23,点描の唄,Mrs. GREEN APPLE,884078,https://open.spotify.com/track/1sIIlVrnPhrvmTrHtzM7tV,0.502,0.632,0,-4.612,1,0.0273,0.447,0.0,0.103,0.308,152.014,audio_features,1sIIlVrnPhrvmTrHtzM7tV,spotify:track:1sIIlVrnPhrvmTrHtzM7tV,https://api.spotify.com/v1/tracks/1sIIlVrnPhrvmTrHtzM7tV,https://api.spotify.com/v1/audio-analysis/1sIIlVrnPhrvmTrHtzM7tV,307067,4
23,24,LOVE DIVE,IVE,873813,https://open.spotify.com/track/0Q5VnK2DYzRyfqQRJuUtvi,0.703,0.709,1,-4.169,0,0.0433,0.00379,5.43e-05,0.333,0.538,117.941,audio_features,0Q5VnK2DYzRyfqQRJuUtvi,spotify:track:0Q5VnK2DYzRyfqQRJuUtvi,https://api.spotify.com/v1/tracks/0Q5VnK2DYzRyfqQRJuUtvi,https://api.spotify.com/v1/audio-analysis/0Q5VnK2DYzRyfqQRJuUtvi,177187,4
24,25,Permission to Dance,BTS,862088,https://open.spotify.com/track/3XYRV7ZSHqIRDG87DKTtry,0.702,0.741,9,-5.33,1,0.0427,0.00544,0.0,0.337,0.646,124.925,audio_features,3XYRV7ZSHqIRDG87DKTtry,spotify:track:3XYRV7ZSHqIRDG87DKTtry,https://api.spotify.com/v1/tracks/3XYRV7ZSHqIRDG87DKTtry,https://api.spotify.com/v1/audio-analysis/3XYRV7ZSHqIRDG87DKTtry,187585,4
25,26,逆夢,King Gnu,846843,https://open.spotify.com/track/6ZiEWet0uFRwWBCEKCQ8rY,0.204,0.708,1,-5.425,1,0.0458,0.442,0.0,0.319,0.278,83.443,audio_features,6ZiEWet0uFRwWBCEKCQ8rY,spotify:track:6ZiEWet0uFRwWBCEKCQ8rY,https://api.spotify.com/v1/tracks/6ZiEWet0uFRwWBCEKCQ8rY,https://api.spotify.com/v1/audio-analysis/6ZiEWet0uFRwWBCEKCQ8rY,307667,4
26,27,魔法の絨毯,Takaya Kawasaki,843525,https://open.spotify.com/track/3PK5ERLCyMuQ5Cb89GbZVL,0.622,0.309,10,-6.291,0,0.0481,0.776,0.0,0.122,0.571,73.897,audio_features,3PK5ERLCyMuQ5Cb89GbZVL,spotify:track:3PK5ERLCyMuQ5Cb89GbZVL,https://api.spotify.com/v1/tracks/3PK5ERLCyMuQ5Cb89GbZVL,https://api.spotify.com/v1/audio-analysis/3PK5ERLCyMuQ5Cb89GbZVL,208896,4
27,28,一途,King Gnu,832538,https://open.spotify.com/track/7ncPjJBktLEOpstY5JOUMK,0.5,0.964,2,-4.19,1,0.124,0.00723,6.2e-05,0.0557,0.662,159.971,audio_features,7ncPjJBktLEOpstY5JOUMK,spotify:track:7ncPjJBktLEOpstY5JOUMK,https://api.spotify.com/v1/tracks/7ncPjJBktLEOpstY5JOUMK,https://api.spotify.com/v1/audio-analysis/7ncPjJBktLEOpstY5JOUMK,190607,4
28,29,夜に駆ける,YOASOBI,820111,https://open.spotify.com/track/6MCjmGYlw6mQVWRFVgBRvB,0.663,0.871,8,-5.287,1,0.03,0.00299,1.8e-06,0.337,0.826,130.025,audio_features,6MCjmGYlw6mQVWRFVgBRvB,spotify:track:6MCjmGYlw6mQVWRFVgBRvB,https://api.spotify.com/v1/tracks/6MCjmGYlw6mQVWRFVgBRvB,https://api.spotify.com/v1/audio-analysis/6MCjmGYlw6mQVWRFVgBRvB,258840,4
29,30,STAY (with Justin Bieber),The Kid LAROI,804598,https://open.spotify.com/track/5PjdY0CKGZdEuoNab3yDmX,0.591,0.764,1,-5.484,1,0.0483,0.0383,0.0,0.103,0.478,169.928,audio_features,5PjdY0CKGZdEuoNab3yDmX,spotify:track:5PjdY0CKGZdEuoNab3yDmX,https://api.spotify.com/v1/tracks/5PjdY0CKGZdEuoNab3yDmX,https://api.spotify.com/v1/audio-analysis/5PjdY0CKGZdEuoNab3yDmX,141806,4
30,31,YOKAZE,HENTAI SHINSHI CLUB,804399,https://open.spotify.com/track/6tkSMR8bEIfEcJn7ybJtSP,0.642,0.587,10,-5.53,1,0.0268,0.293,0.0,0.0784,0.361,89.96,audio_features,6tkSMR8bEIfEcJn7ybJtSP,spotify:track:6tkSMR8bEIfEcJn7ybJtSP,https://api.spotify.com/v1/tracks/6tkSMR8bEIfEcJn7ybJtSP,https://api.spotify.com/v1/audio-analysis/6tkSMR8bEIfEcJn7ybJtSP,269547,4
31,32,Mela!,Ryokuoushoku Shakai,803379,https://open.spotify.com/track/6IO5nn84TKArsi3cjpIqaD,0.619,0.941,8,-1.618,1,0.0584,0.0439,1.73e-05,0.318,0.624,137.967,audio_features,6IO5nn84TKArsi3cjpIqaD,spotify:track:6IO5nn84TKArsi3cjpIqaD,https://api.spotify.com/v1/tracks/6IO5nn84TKArsi3cjpIqaD,https://api.spotify.com/v1/audio-analysis/6IO5nn84TKArsi3cjpIqaD,242067,4
32,33,常緑,Chippoke Ohashi,786314,https://open.spotify.com/track/6qn31XzTa6YKXs5FZpAPgP,0.725,0.75,11,-5.694,1,0.0772,0.0242,0.0,0.101,0.888,101.19,audio_features,6qn31XzTa6YKXs5FZpAPgP,spotify:track:6qn31XzTa6YKXs5FZpAPgP,https://api.spotify.com/v1/tracks/6qn31XzTa6YKXs5FZpAPgP,https://api.spotify.com/v1/audio-analysis/6qn31XzTa6YKXs5FZpAPgP,171547,4
33,34,ハート,Aimyon,776474,https://open.spotify.com/track/6cvKfEw8rDcmXBslqSEC9G,0.661,0.448,6,-5.761,1,0.0522,0.543,0.0,0.0818,0.299,78.114,audio_features,6cvKfEw8rDcmXBslqSEC9G,spotify:track:6cvKfEw8rDcmXBslqSEC9G,https://api.spotify.com/v1/tracks/6cvKfEw8rDcmXBslqSEC9G,https://api.spotify.com/v1/audio-analysis/6cvKfEw8rDcmXBslqSEC9G,271280,4
34,35,Cry Baby,Official HIGE DANdism,772739,https://open.spotify.com/track/6wDntdm888mDo458RaYjGl,0.346,0.901,1,-4.617,1,0.12,0.0103,0.0,0.358,0.434,199.934,audio_features,6wDntdm888mDo458RaYjGl,spotify:track:6wDntdm888mDo458RaYjGl,https://api.spotify.com/v1/tracks/6wDntdm888mDo458RaYjGl,https://api.spotify.com/v1/audio-analysis/6wDntdm888mDo458RaYjGl,241680,4
35,36,踊り子,Vaundy,756460,https://open.spotify.com/track/4xk70Qur2QeRmWIzWPC63V,0.718,0.475,7,-11.469,1,0.0611,0.845,0.801,0.105,0.678,157.032,audio_features,4xk70Qur2QeRmWIzWPC63V,spotify:track:4xk70Qur2QeRmWIzWPC63V,https://api.spotify.com/v1/tracks/4xk70Qur2QeRmWIzWPC63V,https://api.spotify.com/v1/audio-analysis/4xk70Qur2QeRmWIzWPC63V,230110,4
36,37,三原色,YOASOBI,750621,https://open.spotify.com/track/0UBUg8NU4XJtQqzTPs8Pkr,0.666,0.923,5,-2.362,0,0.0712,0.0836,0.0,0.315,0.861,128.014,audio_features,0UBUg8NU4XJtQqzTPs8Pkr,spotify:track:0UBUg8NU4XJtQqzTPs8Pkr,https://api.spotify.com/v1/tracks/0UBUg8NU4XJtQqzTPs8Pkr,https://api.spotify.com/v1/audio-analysis/0UBUg8NU4XJtQqzTPs8Pkr,220253,4
37,38,怪物,YOASOBI,749849,https://open.spotify.com/track/6uhIF5J5Txaie0is2nXdxU,0.598,0.847,1,-2.54,1,0.205,0.0655,9.92e-05,0.307,0.728,169.959,audio_features,6uhIF5J5Txaie0is2nXdxU,spotify:track:6uhIF5J5Txaie0is2nXdxU,https://api.spotify.com/v1/tracks/6uhIF5J5Txaie0is2nXdxU,https://api.spotify.com/v1/audio-analysis/6uhIF5J5Txaie0is2nXdxU,205480,4
38,39,115万キロのフィルム,Official HIGE DANdism,733268,https://open.spotify.com/track/278JqkBGkjDovOYAwE8TW7,0.516,0.791,3,-1.927,1,0.0318,0.00345,0.0,0.141,0.48,96.921,audio_features,278JqkBGkjDovOYAwE8TW7,spotify:track:278JqkBGkjDovOYAwE8TW7,https://api.spotify.com/v1/tracks/278JqkBGkjDovOYAwE8TW7,https://api.spotify.com/v1/audio-analysis/278JqkBGkjDovOYAwE8TW7,324633,4
39,40,The Feels,TWICE,721289,https://open.spotify.com/track/1qE8DOtw7zdXHMgZm20eLM,0.808,0.903,9,-2.179,1,0.0729,0.0899,0.0,0.0816,0.922,120.044,audio_features,1qE8DOtw7zdXHMgZm20eLM,spotify:track:1qE8DOtw7zdXHMgZm20eLM,https://api.spotify.com/v1/tracks/1qE8DOtw7zdXHMgZm20eLM,https://api.spotify.com/v1/audio-analysis/1qE8DOtw7zdXHMgZm20eLM,198053,4
40,41,"Stand by me, Stand by you.",HIRAIDAI,710611,https://open.spotify.com/track/7DyS11kB1YNrfDzQqtjmTh,0.66,0.576,3,-5.627,1,0.0363,0.0879,0.0,0.0599,0.561,80.978,audio_features,7DyS11kB1YNrfDzQqtjmTh,spotify:track:7DyS11kB1YNrfDzQqtjmTh,https://api.spotify.com/v1/tracks/7DyS11kB1YNrfDzQqtjmTh,https://api.spotify.com/v1/audio-analysis/7DyS11kB1YNrfDzQqtjmTh,193013,4
41,42,WA DA DA,Kep1er,709479,https://open.spotify.com/track/0hQNbQKW2dDATH1ngj4TI6,0.785,0.907,10,-2.657,1,0.0938,0.00122,3.11e-06,0.213,0.685,126.004,audio_features,0hQNbQKW2dDATH1ngj4TI6,spotify:track:0hQNbQKW2dDATH1ngj4TI6,https://api.spotify.com/v1/tracks/0hQNbQKW2dDATH1ngj4TI6,https://api.spotify.com/v1/audio-analysis/0hQNbQKW2dDATH1ngj4TI6,183693,4
42,43,ヨワネハキ,MAISONdes,708700,https://open.spotify.com/track/0FOVGBW0RpVRuDuUuN4ZVw,0.78,0.814,7,-3.617,1,0.0291,0.0432,8.28e-05,0.168,0.59,108.025,audio_features,0FOVGBW0RpVRuDuUuN4ZVw,spotify:track:0FOVGBW0RpVRuDuUuN4ZVw,https://api.spotify.com/v1/tracks/0FOVGBW0RpVRuDuUuN4ZVw,https://api.spotify.com/v1/audio-analysis/0FOVGBW0RpVRuDuUuN4ZVw,166967,4
43,44,Pretender,Official HIGE DANdism,700142,https://open.spotify.com/track/15HNdxGKNCIO9pgaY4n7FU,0.538,0.869,8,-3.464,1,0.0275,0.047,0.0,0.14,0.369,91.972,audio_features,15HNdxGKNCIO9pgaY4n7FU,spotify:track:15HNdxGKNCIO9pgaY4n7FU,https://api.spotify.com/v1/tracks/15HNdxGKNCIO9pgaY4n7FU,https://api.spotify.com/v1/audio-analysis/15HNdxGKNCIO9pgaY4n7FU,326843,4
44,45,猫,DISH//,679290,https://open.spotify.com/track/6sIx7Cn37DGEhjy9hBP8Gx,0.506,0.769,3,-5.326,1,0.0363,0.113,0.0,0.0828,0.536,154.044,audio_features,6sIx7Cn37DGEhjy9hBP8Gx,spotify:track:6sIx7Cn37DGEhjy9hBP8Gx,https://api.spotify.com/v1/tracks/6sIx7Cn37DGEhjy9hBP8Gx,https://api.spotify.com/v1/audio-analysis/6sIx7Cn37DGEhjy9hBP8Gx,276040,4
45,46,愛とか恋とか,Novelbright,658238,https://open.spotify.com/track/1VHL1PIkhDwWbFc65xHwOr,0.697,0.556,6,-5.089,1,0.0364,0.698,0.0,0.0991,0.404,89.987,audio_features,1VHL1PIkhDwWbFc65xHwOr,spotify:track:1VHL1PIkhDwWbFc65xHwOr,https://api.spotify.com/v1/tracks/1VHL1PIkhDwWbFc65xHwOr,https://api.spotify.com/v1/audio-analysis/1VHL1PIkhDwWbFc65xHwOr,232453,4
46,47,I LOVE...,Official HIGE DANdism,651565,https://open.spotify.com/track/5wWLNNwMAehpj83FU4Lz0m,0.546,0.663,9,-6.071,1,0.0536,0.00938,0.0,0.178,0.407,171.698,audio_features,5wWLNNwMAehpj83FU4Lz0m,spotify:track:5wWLNNwMAehpj83FU4Lz0m,https://api.spotify.com/v1/tracks/5wWLNNwMAehpj83FU4Lz0m,https://api.spotify.com/v1/audio-analysis/5wWLNNwMAehpj83FU4Lz0m,282680,4
47,48,ELEVEN,IVE,650954,https://open.spotify.com/track/7n2FZQsaLb7ZRfRPfEeIvr,0.828,0.731,9,-3.033,1,0.111,0.0617,0.0,0.048,0.587,119.978,audio_features,7n2FZQsaLb7ZRfRPfEeIvr,spotify:track:7n2FZQsaLb7ZRfRPfEeIvr,https://api.spotify.com/v1/tracks/7n2FZQsaLb7ZRfRPfEeIvr,https://api.spotify.com/v1/audio-analysis/7n2FZQsaLb7ZRfRPfEeIvr,178453,4
48,49,おもかげ (produced by Vaundy),milet,643626,https://open.spotify.com/track/6ts1KCOudfDYXYfyWtq0k1,0.488,0.638,8,-4.502,1,0.058,0.0258,2.24e-05,0.12,0.713,207.906,audio_features,6ts1KCOudfDYXYfyWtq0k1,spotify:track:6ts1KCOudfDYXYfyWtq0k1,https://api.spotify.com/v1/tracks/6ts1KCOudfDYXYfyWtq0k1,https://api.spotify.com/v1/audio-analysis/6ts1KCOudfDYXYfyWtq0k1,188060,4
49,50,踊,Ado,637278,https://open.spotify.com/track/0871AdnvzzSGr5XdTJaDHC,0.709,0.962,1,-0.753,1,0.106,0.153,1.77e-06,0.621,0.767,128.013,audio_features,0871AdnvzzSGr5XdTJaDHC,spotify:track:0871AdnvzzSGr5XdTJaDHC,https://api.spotify.com/v1/tracks/0871AdnvzzSGr5XdTJaDHC,https://api.spotify.com/v1/audio-analysis/0871AdnvzzSGr5XdTJaDHC,210347,4
50,51,怪獣の花唄,Vaundy,554785,https://open.spotify.com/track/10zz9RZt9DnqcxNWksRNrx,0.425,0.939,2,-3.498,1,0.054,0.00361,0.0,0.331,0.638,150.015,audio_features,10zz9RZt9DnqcxNWksRNrx,spotify:track:10zz9RZt9DnqcxNWksRNrx,https://api.spotify.com/v1/tracks/10zz9RZt9DnqcxNWksRNrx,https://api.spotify.com/v1/audio-analysis/10zz9RZt9DnqcxNWksRNrx,224806,4
51,52,BOY,King Gnu,524496,https://open.spotify.com/track/3oQaOjaIYPsnJbGNzXcIID,0.619,0.802,0,-6.618,1,0.0629,0.0831,0.0,0.361,0.535,109.982,audio_features,3oQaOjaIYPsnJbGNzXcIID,spotify:track:3oQaOjaIYPsnJbGNzXcIID,https://api.spotify.com/v1/tracks/3oQaOjaIYPsnJbGNzXcIID,https://api.spotify.com/v1/audio-analysis/3oQaOjaIYPsnJbGNzXcIID,231386,4
52,53,いつか,Saucy Dog,510663,https://open.spotify.com/track/0v3iUTe5rskRsxbUhboRlT,0.603,0.509,7,-4.535,1,0.0263,0.0941,0.0,0.201,0.445,79.989,audio_features,0v3iUTe5rskRsxbUhboRlT,spotify:track:0v3iUTe5rskRsxbUhboRlT,https://api.spotify.com/v1/tracks/0v3iUTe5rskRsxbUhboRlT,https://api.spotify.com/v1/audio-analysis/0v3iUTe5rskRsxbUhboRlT,274872,4
53,54,初恋が泣いている,Aimyon,490457,https://open.spotify.com/track/1vT6VdL9PrHOBziwubdt29,0.608,0.819,6,-4.044,1,0.0301,0.0175,0.000184,0.312,0.659,105.026,audio_features,1vT6VdL9PrHOBziwubdt29,spotify:track:1vT6VdL9PrHOBziwubdt29,https://api.spotify.com/v1/tracks/1vT6VdL9PrHOBziwubdt29,https://api.spotify.com/v1/audio-analysis/1vT6VdL9PrHOBziwubdt29,239333,4
54,55,スパークル,Lilas Ikuta,485912,https://open.spotify.com/track/6EuubEs5qOmJdpNhkU47OZ,0.614,0.579,11,-4.937,1,0.038,0.417,0.0,0.0666,0.692,149.831,audio_features,6EuubEs5qOmJdpNhkU47OZ,spotify:track:6EuubEs5qOmJdpNhkU47OZ,https://api.spotify.com/v1/tracks/6EuubEs5qOmJdpNhkU47OZ,https://api.spotify.com/v1/audio-analysis/6EuubEs5qOmJdpNhkU47OZ,213600,4
55,56,クロノスタシス,BUMP OF CHICKEN,475918,https://open.spotify.com/track/6Pd73yNBtoVpTRM6xLwOGp,0.699,0.738,0,-7.487,1,0.0259,0.0963,5.42e-05,0.163,0.671,120.001,audio_features,6Pd73yNBtoVpTRM6xLwOGp,spotify:track:6Pd73yNBtoVpTRM6xLwOGp,https://api.spotify.com/v1/tracks/6Pd73yNBtoVpTRM6xLwOGp,https://api.spotify.com/v1/audio-analysis/6Pd73yNBtoVpTRM6xLwOGp,339870,4
56,57,のびしろ,Creepy Nuts,475566,https://open.spotify.com/track/3bbIIVIwBoLqVcLebiEJFo,0.669,0.928,11,-2.926,0,0.0699,0.252,0.0,0.0686,0.963,174.004,audio_features,3bbIIVIwBoLqVcLebiEJFo,spotify:track:3bbIIVIwBoLqVcLebiEJFo,https://api.spotify.com/v1/tracks/3bbIIVIwBoLqVcLebiEJFo,https://api.spotify.com/v1/audio-analysis/3bbIIVIwBoLqVcLebiEJFo,236840,4
57,58,バニラ,Kyanai,443332,https://open.spotify.com/track/0zfNtgPJ5FLkbveRjSdCMb,0.641,0.698,10,-3.934,1,0.0307,0.028,0.0,0.13,0.521,113.041,audio_features,0zfNtgPJ5FLkbveRjSdCMb,spotify:track:0zfNtgPJ5FLkbveRjSdCMb,https://api.spotify.com/v1/tracks/0zfNtgPJ5FLkbveRjSdCMb,https://api.spotify.com/v1/audio-analysis/0zfNtgPJ5FLkbveRjSdCMb,251051,4
58,59,ばかまじめ,Creepy Nuts,438769,https://open.spotify.com/track/55emtNBnUXszixuQj4Fg6I,0.61,0.938,10,-3.592,0,0.0525,0.194,0.0,0.518,0.802,90.949,audio_features,55emtNBnUXszixuQj4Fg6I,spotify:track:55emtNBnUXszixuQj4Fg6I,https://api.spotify.com/v1/tracks/55emtNBnUXszixuQj4Fg6I,https://api.spotify.com/v1/audio-analysis/55emtNBnUXszixuQj4Fg6I,172367,4
59,60,それを愛と呼ぶなら,Uru,436074,https://open.spotify.com/track/3ibqi5ANZtNI7QXOgUnFsL,0.493,0.527,10,-5.126,1,0.0342,0.729,0.0,0.0989,0.452,169.974,audio_features,3ibqi5ANZtNI7QXOgUnFsL,spotify:track:3ibqi5ANZtNI7QXOgUnFsL,https://api.spotify.com/v1/tracks/3ibqi5ANZtNI7QXOgUnFsL,https://api.spotify.com/v1/audio-analysis/3ibqi5ANZtNI7QXOgUnFsL,294667,4
60,61,レオ,Yuuri,434060,https://open.spotify.com/track/3eg3igrhEhzk8bqqRz6XCt,0.629,0.543,5,-6.281,1,0.0252,0.383,0.0,0.127,0.403,93.043,audio_features,3eg3igrhEhzk8bqqRz6XCt,spotify:track:3eg3igrhEhzk8bqqRz6XCt,https://api.spotify.com/v1/tracks/3eg3igrhEhzk8bqqRz6XCt,https://api.spotify.com/v1/audio-analysis/3eg3igrhEhzk8bqqRz6XCt,238973,4
61,62,napori,Vaundy,401881,https://open.spotify.com/track/7LPL74iMxXZ4hEjCwmLMae,0.88,0.356,11,-7.802,1,0.297,0.417,0.0,0.0997,0.468,129.822,audio_features,7LPL74iMxXZ4hEjCwmLMae,spotify:track:7LPL74iMxXZ4hEjCwmLMae,https://api.spotify.com/v1/tracks/7LPL74iMxXZ4hEjCwmLMae,https://api.spotify.com/v1/audio-analysis/7LPL74iMxXZ4hEjCwmLMae,203787,4
62,63,花占い,Vaundy,392341,https://open.spotify.com/track/2PlbwoIVr25oita35jg9ht,0.662,0.789,7,-7.634,0,0.0305,0.0141,0.0,0.317,0.881,135.01,audio_features,2PlbwoIVr25oita35jg9ht,spotify:track:2PlbwoIVr25oita35jg9ht,https://api.spotify.com/v1/tracks/2PlbwoIVr25oita35jg9ht,https://api.spotify.com/v1/audio-analysis/2PlbwoIVr25oita35jg9ht,207556,4
63,64,恋人ごっこ,Macaroni Empitsu,390857,https://open.spotify.com/track/2SihT7AVMiI2VtaAyVIcnO,0.438,0.646,1,-5.301,1,0.0361,0.124,0.0,0.0603,0.745,102.033,audio_features,2SihT7AVMiI2VtaAyVIcnO,spotify:track:2SihT7AVMiI2VtaAyVIcnO,https://api.spotify.com/v1/tracks/2SihT7AVMiI2VtaAyVIcnO,https://api.spotify.com/v1/audio-analysis/2SihT7AVMiI2VtaAyVIcnO,200219,4
64,65,うるうびと,RADWIMPS,388615,https://open.spotify.com/track/6mJIn3fvwWHHAnrR3LEdxp,0.489,0.522,11,-5.291,1,0.0306,0.401,0.0,0.238,0.43,78.035,audio_features,6mJIn3fvwWHHAnrR3LEdxp,spotify:track:6mJIn3fvwWHHAnrR3LEdxp,https://api.spotify.com/v1/tracks/6mJIn3fvwWHHAnrR3LEdxp,https://api.spotify.com/v1/audio-analysis/6mJIn3fvwWHHAnrR3LEdxp,318880,4
65,66,ツキミソウ,Novelbright,384594,https://open.spotify.com/track/6sElEqOIGENWjpxGFeo5ct,0.504,0.645,6,-3.244,1,0.0352,0.432,0.0,0.231,0.473,77.959,audio_features,6sElEqOIGENWjpxGFeo5ct,spotify:track:6sElEqOIGENWjpxGFeo5ct,https://api.spotify.com/v1/tracks/6sElEqOIGENWjpxGFeo5ct,https://api.spotify.com/v1/audio-analysis/6sElEqOIGENWjpxGFeo5ct,312053,4
66,67,That That (prod. & feat. SUGA of BTS),PSY,382530,https://open.spotify.com/track/5oH4DQAuu1J1800RzUsBWa,0.905,0.962,4,-3.197,1,0.0856,0.0299,0.0,0.0272,0.906,129.969,audio_features,5oH4DQAuu1J1800RzUsBWa,spotify:track:5oH4DQAuu1J1800RzUsBWa,https://api.spotify.com/v1/tracks/5oH4DQAuu1J1800RzUsBWa,https://api.spotify.com/v1/audio-analysis/5oH4DQAuu1J1800RzUsBWa,174647,4
67,68,うぉ,Yuuri,377106,https://open.spotify.com/track/5cjjWH34eymyinmFKaAEEC,0.704,0.66,11,-4.602,1,0.0929,0.315,0.0,0.0852,0.86,109.873,audio_features,5cjjWH34eymyinmFKaAEEC,spotify:track:5cjjWH34eymyinmFKaAEEC,https://api.spotify.com/v1/tracks/5cjjWH34eymyinmFKaAEEC,https://api.spotify.com/v1/audio-analysis/5cjjWH34eymyinmFKaAEEC,168027,4
68,69,Crayon,ZOT on the WAVE,371720,https://open.spotify.com/track/3ZEdrRIGjFpXZSzfjwWmDQ,0.791,0.859,8,-4.524,1,0.0448,0.157,3.71e-06,0.446,0.946,140.017,audio_features,3ZEdrRIGjFpXZSzfjwWmDQ,spotify:track:3ZEdrRIGjFpXZSzfjwWmDQ,https://api.spotify.com/v1/tracks/3ZEdrRIGjFpXZSzfjwWmDQ,https://api.spotify.com/v1/audio-analysis/3ZEdrRIGjFpXZSzfjwWmDQ,176681,4
69,70,魔法にかけられて,Saucy Dog,371524,https://open.spotify.com/track/03RD1XAEH7lSTrYe4zMDl9,0.608,0.581,7,-5.399,1,0.0271,0.546,3.44e-06,0.124,0.572,82.005,audio_features,03RD1XAEH7lSTrYe4zMDl9,spotify:track:03RD1XAEH7lSTrYe4zMDl9,https://api.spotify.com/v1/tracks/03RD1XAEH7lSTrYe4zMDl9,https://api.spotify.com/v1/audio-analysis/03RD1XAEH7lSTrYe4zMDl9,254934,4
70,71,沈丁花,DISH//,371048,https://open.spotify.com/track/79TdseXlAiANFOTstIwejv,0.555,0.834,8,-3.541,1,0.0299,0.0408,0.0,0.346,0.771,120.039,audio_features,79TdseXlAiANFOTstIwejv,spotify:track:79TdseXlAiANFOTstIwejv,https://api.spotify.com/v1/tracks/79TdseXlAiANFOTstIwejv,https://api.spotify.com/v1/audio-analysis/79TdseXlAiANFOTstIwejv,231610,4
71,72,青と夏,Mrs. GREEN APPLE,365023,https://open.spotify.com/track/5BC6kr6etk2Y9J62AyI4i3,0.31,0.891,4,-1.66,1,0.0469,0.00157,0.0,0.284,0.748,184.886,audio_features,5BC6kr6etk2Y9J62AyI4i3,spotify:track:5BC6kr6etk2Y9J62AyI4i3,https://api.spotify.com/v1/tracks/5BC6kr6etk2Y9J62AyI4i3,https://api.spotify.com/v1/audio-analysis/5BC6kr6etk2Y9J62AyI4i3,270027,4
72,73,結,Saucy Dog,349166,https://open.spotify.com/track/5Anr2wqdL182BsI02iCbcd,0.53,0.661,6,-7.09,1,0.0408,0.224,0.0,0.169,0.538,153.935,audio_features,5Anr2wqdL182BsI02iCbcd,spotify:track:5Anr2wqdL182BsI02iCbcd,https://api.spotify.com/v1/tracks/5Anr2wqdL182BsI02iCbcd,https://api.spotify.com/v1/audio-analysis/5Anr2wqdL182BsI02iCbcd,264840,4
73,74,溜め息,HENTAI SHINSHI CLUB,346331,https://open.spotify.com/track/4PKIhZHuWGlELcxyvV8Oxb,0.799,0.559,6,-7.59,1,0.0509,0.132,1.61e-05,0.0965,0.5,94.007,audio_features,4PKIhZHuWGlELcxyvV8Oxb,spotify:track:4PKIhZHuWGlELcxyvV8Oxb,https://api.spotify.com/v1/tracks/4PKIhZHuWGlELcxyvV8Oxb,https://api.spotify.com/v1/audio-analysis/4PKIhZHuWGlELcxyvV8Oxb,177813,4
74,75,ブルーベリー・ナイツ,Macaroni Empitsu,344213,https://open.spotify.com/track/2UdvMWk0Z83lMJPbawy2Sm,0.66,0.865,5,-3.642,1,0.0277,0.278,0.0,0.0931,0.772,106.008,audio_features,2UdvMWk0Z83lMJPbawy2Sm,spotify:track:2UdvMWk0Z83lMJPbawy2Sm,https://api.spotify.com/v1/tracks/2UdvMWk0Z83lMJPbawy2Sm,https://api.spotify.com/v1/audio-analysis/2UdvMWk0Z83lMJPbawy2Sm,244869,4
75,76,花束のかわりにメロディーを,Shota Shimizu,343991,https://open.spotify.com/track/2028QNsVTmp5IF7UK4ZnaE,0.42,0.483,8,-5.345,1,0.0291,0.0784,1.05e-05,0.276,0.277,129.808,audio_features,2028QNsVTmp5IF7UK4ZnaE,spotify:track:2028QNsVTmp5IF7UK4ZnaE,https://api.spotify.com/v1/tracks/2028QNsVTmp5IF7UK4ZnaE,https://api.spotify.com/v1/audio-analysis/2028QNsVTmp5IF7UK4ZnaE,309440,4
76,77,Betrayal Game,BE:FIRST,340748,https://open.spotify.com/track/2VKwa5aHsNu0ZGQg77kdBd,0.841,0.53,2,-6.797,0,0.0854,0.345,0.0,0.154,0.906,115.033,audio_features,2VKwa5aHsNu0ZGQg77kdBd,spotify:track:2VKwa5aHsNu0ZGQg77kdBd,https://api.spotify.com/v1/tracks/2VKwa5aHsNu0ZGQg77kdBd,https://api.spotify.com/v1/audio-analysis/2VKwa5aHsNu0ZGQg77kdBd,225267,4
77,78,不可幸力,Vaundy,339713,https://open.spotify.com/track/57MvUwzIzRJ0r21rnNU1s1,0.69,0.815,11,-5.227,0,0.0426,0.0157,2.85e-06,0.0636,0.613,94.032,audio_features,57MvUwzIzRJ0r21rnNU1s1,spotify:track:57MvUwzIzRJ0r21rnNU1s1,https://api.spotify.com/v1/tracks/57MvUwzIzRJ0r21rnNU1s1,https://api.spotify.com/v1/audio-analysis/57MvUwzIzRJ0r21rnNU1s1,200243,4
78,79,白日,King Gnu,338412,https://open.spotify.com/track/172fMG26G2OoEzzg0wn26r,0.599,0.891,1,-3.242,1,0.116,0.562,0.0,0.322,0.694,93.029,audio_features,172fMG26G2OoEzzg0wn26r,spotify:track:172fMG26G2OoEzzg0wn26r,https://api.spotify.com/v1/tracks/172fMG26G2OoEzzg0wn26r,https://api.spotify.com/v1/audio-analysis/172fMG26G2OoEzzg0wn26r,276373,4
79,80,もう少しだけ,YOASOBI,337833,https://open.spotify.com/track/2cBAc8f0ueFKSXGQRJRsyN,0.668,0.814,8,-3.732,1,0.0287,0.109,0.0,0.119,0.584,99.98,audio_features,2cBAc8f0ueFKSXGQRJRsyN,spotify:track:2cBAc8f0ueFKSXGQRJRsyN,https://api.spotify.com/v1/tracks/2cBAc8f0ueFKSXGQRJRsyN,https://api.spotify.com/v1/audio-analysis/2cBAc8f0ueFKSXGQRJRsyN,218853,4
80,81,僕らまた,SG,337373,https://open.spotify.com/track/5hzOyvCqy8sb39xGXUEdpb,0.679,0.298,10,-13.374,1,0.168,0.713,0.0,0.0917,0.698,77.91,audio_features,5hzOyvCqy8sb39xGXUEdpb,spotify:track:5hzOyvCqy8sb39xGXUEdpb,https://api.spotify.com/v1/tracks/5hzOyvCqy8sb39xGXUEdpb,https://api.spotify.com/v1/audio-analysis/5hzOyvCqy8sb39xGXUEdpb,197308,4
81,82,愛言葉,Tani Yuuki,332126,https://open.spotify.com/track/515q6vR077kY4BQv8F3pGj,0.602,0.58,0,-6.029,1,0.0327,0.422,0.0,0.352,0.323,148.079,audio_features,515q6vR077kY4BQv8F3pGj,spotify:track:515q6vR077kY4BQv8F3pGj,https://api.spotify.com/v1/tracks/515q6vR077kY4BQv8F3pGj,https://api.spotify.com/v1/audio-analysis/515q6vR077kY4BQv8F3pGj,286547,4
82,83,ニュー・マイ・ノーマル,Mrs. GREEN APPLE,329681,https://open.spotify.com/track/12fFNgW4IoYQdRCfqCPk9d,0.404,0.832,1,-2.87,1,0.0541,0.0032,0.0,0.0805,0.603,172.98,audio_features,12fFNgW4IoYQdRCfqCPk9d,spotify:track:12fFNgW4IoYQdRCfqCPk9d,https://api.spotify.com/v1/tracks/12fFNgW4IoYQdRCfqCPk9d,https://api.spotify.com/v1/audio-analysis/12fFNgW4IoYQdRCfqCPk9d,244338,4
83,84,マリーゴールド,Aimyon,328112,https://open.spotify.com/track/2cKiHG16JBiqHdi7Llq0r7,0.545,0.745,2,-3.098,1,0.0286,0.0452,0.0,0.0907,0.413,106.094,audio_features,2cKiHG16JBiqHdi7Llq0r7,spotify:track:2cKiHG16JBiqHdi7Llq0r7,https://api.spotify.com/v1/tracks/2cKiHG16JBiqHdi7Llq0r7,https://api.spotify.com/v1/audio-analysis/2cKiHG16JBiqHdi7Llq0r7,306627,4
84,85,Answer,Lilas Ikuta,325996,https://open.spotify.com/track/5hVAQTNarrb3lmWqg9Ens4,0.622,0.475,0,-6.199,1,0.036,0.512,0.0,0.127,0.388,79.954,audio_features,5hVAQTNarrb3lmWqg9Ens4,spotify:track:5hVAQTNarrb3lmWqg9Ens4,https://api.spotify.com/v1/tracks/5hVAQTNarrb3lmWqg9Ens4,https://api.spotify.com/v1/audio-analysis/5hVAQTNarrb3lmWqg9Ens4,246000,4
85,86,虹,Masaki Suda,322954,https://open.spotify.com/track/7eqjbcOZTgZbV0lX2ghtfV,0.543,0.622,5,-4.735,1,0.03,0.0643,0.0,0.17,0.327,143.931,audio_features,7eqjbcOZTgZbV0lX2ghtfV,spotify:track:7eqjbcOZTgZbV0lX2ghtfV,https://api.spotify.com/v1/tracks/7eqjbcOZTgZbV0lX2ghtfV,https://api.spotify.com/v1/audio-analysis/7eqjbcOZTgZbV0lX2ghtfV,257400,4
86,87,怪盗,back number,321704,https://open.spotify.com/track/10Eyo4juZQFthKqlJgGMdp,0.636,0.847,7,-2.093,1,0.037,0.407,0.0,0.295,0.8,114.028,audio_features,10Eyo4juZQFthKqlJgGMdp,spotify:track:10Eyo4juZQFthKqlJgGMdp,https://api.spotify.com/v1/tracks/10Eyo4juZQFthKqlJgGMdp,https://api.spotify.com/v1/audio-analysis/10Eyo4juZQFthKqlJgGMdp,196226,4
87,88,Walking with you,Novelbright,320474,https://open.spotify.com/track/7tGDXCPLpAScEwmqab9YZd,0.422,0.969,7,-0.824,1,0.0591,0.00585,0.0,0.533,0.496,92.524,audio_features,7tGDXCPLpAScEwmqab9YZd,spotify:track:7tGDXCPLpAScEwmqab9YZd,https://api.spotify.com/v1/tracks/7tGDXCPLpAScEwmqab9YZd,https://api.spotify.com/v1/audio-analysis/7tGDXCPLpAScEwmqab9YZd,223187,4
88,89,チェリー,SPITZ,318922,https://open.spotify.com/track/1ihCiJaXRl4f6Sy4LJov5z,0.646,0.805,0,-3.422,1,0.0292,0.227,1.95e-05,0.0901,0.748,97.201,audio_features,1ihCiJaXRl4f6Sy4LJov5z,spotify:track:1ihCiJaXRl4f6Sy4LJov5z,https://api.spotify.com/v1/tracks/1ihCiJaXRl4f6Sy4LJov5z,https://api.spotify.com/v1/audio-analysis/1ihCiJaXRl4f6Sy4LJov5z,259933,4
89,90,ミライチズ,Yoru no Hitowarai,310811,https://open.spotify.com/track/3mSqtn05vfpqAMpFTLsxpi,0.456,0.873,7,-2.086,1,0.0496,0.0849,2.26e-06,0.051,0.604,205.959,audio_features,3mSqtn05vfpqAMpFTLsxpi,spotify:track:3mSqtn05vfpqAMpFTLsxpi,https://api.spotify.com/v1/tracks/3mSqtn05vfpqAMpFTLsxpi,https://api.spotify.com/v1/audio-analysis/3mSqtn05vfpqAMpFTLsxpi,239613,4
90,91,Lemon,Kenshi Yonezu,308320,https://open.spotify.com/track/04TshWXkhV1qkqHzf31Hn6,0.525,0.646,11,-4.963,1,0.0268,0.304,0.0,0.297,0.373,86.957,audio_features,04TshWXkhV1qkqHzf31Hn6,spotify:track:04TshWXkhV1qkqHzf31Hn6,https://api.spotify.com/v1/tracks/04TshWXkhV1qkqHzf31Hn6,https://api.spotify.com/v1/audio-analysis/04TshWXkhV1qkqHzf31Hn6,255827,4
91,92,夜撫でるメノウ,Ayase,305649,https://open.spotify.com/track/6IHWPY5iBUI1AOUclbtE6F,0.702,0.732,10,-6.803,1,0.0266,0.0749,0.0,0.297,0.636,100.0,audio_features,6IHWPY5iBUI1AOUclbtE6F,spotify:track:6IHWPY5iBUI1AOUclbtE6F,https://api.spotify.com/v1/tracks/6IHWPY5iBUI1AOUclbtE6F,https://api.spotify.com/v1/audio-analysis/6IHWPY5iBUI1AOUclbtE6F,262800,4
92,93,キャラクター,Ryokuoushoku Shakai,305644,https://open.spotify.com/track/0O4YelF6Zneq7sk1Ye73N2,0.65,0.913,5,-2.147,1,0.0758,0.15,0.0,0.345,0.594,124.025,audio_features,0O4YelF6Zneq7sk1Ye73N2,spotify:track:0O4YelF6Zneq7sk1Ye73N2,https://api.spotify.com/v1/tracks/0O4YelF6Zneq7sk1Ye73N2,https://api.spotify.com/v1/audio-analysis/0O4YelF6Zneq7sk1Ye73N2,249427,4
93,94,Walkin' In My Lane,milet,305583,https://open.spotify.com/track/3l2O4IuJ4DFEfUwDdWyPnf,0.604,0.851,7,-4.38,1,0.0918,0.00792,0.000282,0.108,0.342,190.107,audio_features,3l2O4IuJ4DFEfUwDdWyPnf,spotify:track:3l2O4IuJ4DFEfUwDdWyPnf,https://api.spotify.com/v1/tracks/3l2O4IuJ4DFEfUwDdWyPnf,https://api.spotify.com/v1/audio-analysis/3l2O4IuJ4DFEfUwDdWyPnf,240053,4
94,95,As It Was,Harry Styles,301648,https://open.spotify.com/track/4Dvkj6JhhA12EX05fT7y2e,0.52,0.731,6,-5.338,0,0.0557,0.342,0.00101,0.311,0.662,173.93,audio_features,4Dvkj6JhhA12EX05fT7y2e,spotify:track:4Dvkj6JhhA12EX05fT7y2e,https://api.spotify.com/v1/tracks/4Dvkj6JhhA12EX05fT7y2e,https://api.spotify.com/v1/audio-analysis/4Dvkj6JhhA12EX05fT7y2e,167303,4
95,96,ピーターパン,Yuuri,300078,https://open.spotify.com/track/5MLIlPL6L8RVqL7YSpFdgr,0.633,0.889,11,-4.285,0,0.0482,0.0251,0.0,0.11,0.448,111.977,audio_features,5MLIlPL6L8RVqL7YSpFdgr,spotify:track:5MLIlPL6L8RVqL7YSpFdgr,https://api.spotify.com/v1/tracks/5MLIlPL6L8RVqL7YSpFdgr,https://api.spotify.com/v1/audio-analysis/5MLIlPL6L8RVqL7YSpFdgr,214213,4
96,97,感電,Kenshi Yonezu,299210,https://open.spotify.com/track/6H0PLsSYMzDOqhLgyOlzIj,0.633,0.723,8,-5.733,0,0.143,0.107,0.0,0.0818,0.688,103.101,audio_features,6H0PLsSYMzDOqhLgyOlzIj,spotify:track:6H0PLsSYMzDOqhLgyOlzIj,https://api.spotify.com/v1/tracks/6H0PLsSYMzDOqhLgyOlzIj,https://api.spotify.com/v1/audio-analysis/6H0PLsSYMzDOqhLgyOlzIj,264533,4
97,98,題名のない今日,HIRAIDAI,297759,https://open.spotify.com/track/6skNbV22epX2yHu4O2hYSx,0.707,0.479,11,-6.088,1,0.0328,0.2,0.0,0.384,0.633,87.012,audio_features,6skNbV22epX2yHu4O2hYSx,spotify:track:6skNbV22epX2yHu4O2hYSx,https://api.spotify.com/v1/tracks/6skNbV22epX2yHu4O2hYSx,https://api.spotify.com/v1/audio-analysis/6skNbV22epX2yHu4O2hYSx,193709,4
98,99,Kaikai Kitan,Eve,293807,https://open.spotify.com/track/6y4GYuZszeXNOXuBFsJlos,0.584,0.911,5,-3.515,0,0.09,0.0119,0.0,0.119,0.606,92.502,audio_features,6y4GYuZszeXNOXuBFsJlos,spotify:track:6y4GYuZszeXNOXuBFsJlos,https://api.spotify.com/v1/tracks/6y4GYuZszeXNOXuBFsJlos,https://api.spotify.com/v1/audio-analysis/6y4GYuZszeXNOXuBFsJlos,221426,4
99,100,裸の心,Aimyon,292151,https://open.spotify.com/track/4Jv7U0JJpbQnOrjtDwDZTZ,0.559,0.448,8,-4.11,1,0.0275,0.537,1.85e-05,0.0915,0.354,148.02,audio_features,4Jv7U0JJpbQnOrjtDwDZTZ,spotify:track:4Jv7U0JJpbQnOrjtDwDZTZ,https://api.spotify.com/v1/tracks/4Jv7U0JJpbQnOrjtDwDZTZ,https://api.spotify.com/v1/audio-analysis/4Jv7U0JJpbQnOrjtDwDZTZ,296653,4
100,101,HOPE,HIRAIDAI,283613,https://open.spotify.com/track/4xfYAFR8CCXdFr9mxPmHXL,0.691,0.649,3,-5.61,1,0.173,0.275,0.0,0.0647,0.69,177.959,audio_features,4xfYAFR8CCXdFr9mxPmHXL,spotify:track:4xfYAFR8CCXdFr9mxPmHXL,https://api.spotify.com/v1/tracks/4xfYAFR8CCXdFr9mxPmHXL,https://api.spotify.com/v1/audio-analysis/4xfYAFR8CCXdFr9mxPmHXL,185991,4
101,102,かくれんぼ,Yuuri,282580,https://open.spotify.com/track/0tMqllhrXe8CWOosrCD1fE,0.667,0.534,9,-6.963,1,0.0606,0.479,0.0,0.124,0.308,156.054,audio_features,0tMqllhrXe8CWOosrCD1fE,spotify:track:0tMqllhrXe8CWOosrCD1fE,https://api.spotify.com/v1/tracks/0tMqllhrXe8CWOosrCD1fE,https://api.spotify.com/v1/audio-analysis/0tMqllhrXe8CWOosrCD1fE,271427,4
102,103,O.O,NMIXX,282129,https://open.spotify.com/track/1m2PksrrMpIev63uPxT1V0,0.39,0.767,11,-3.918,0,0.293,0.0354,4.26e-06,0.0601,0.285,200.263,audio_features,1m2PksrrMpIev63uPxT1V0,spotify:track:1m2PksrrMpIev63uPxT1V0,https://api.spotify.com/v1/tracks/1m2PksrrMpIev63uPxT1V0,https://api.spotify.com/v1/audio-analysis/1m2PksrrMpIev63uPxT1V0,172936,4
103,104,あぁ、もう。,Saucy Dog,282117,https://open.spotify.com/track/7G4rZHIBiXJNFmLYXtWCPm,0.706,0.672,4,-4.696,1,0.029,0.248,0.0,0.177,0.632,112.126,audio_features,7G4rZHIBiXJNFmLYXtWCPm,spotify:track:7G4rZHIBiXJNFmLYXtWCPm,https://api.spotify.com/v1/tracks/7G4rZHIBiXJNFmLYXtWCPm,https://api.spotify.com/v1/audio-analysis/7G4rZHIBiXJNFmLYXtWCPm,284330,4
104,105,GILA GILA,Awich,281185,https://open.spotify.com/track/7AsWduh1mkB8uKOox5NH0X,0.854,0.783,11,-5.963,1,0.23,0.0293,0.0,0.322,0.431,132.026,audio_features,7AsWduh1mkB8uKOox5NH0X,spotify:track:7AsWduh1mkB8uKOox5NH0X,https://api.spotify.com/v1/tracks/7AsWduh1mkB8uKOox5NH0X,https://api.spotify.com/v1/audio-analysis/7AsWduh1mkB8uKOox5NH0X,253333,4
105,106,ワタリドリ,[Alexandros],278232,https://open.spotify.com/track/0ve9Tpz8Yw0I4eXhWsy21o,0.508,0.964,9,-4.077,1,0.0831,0.00141,0.0,0.197,0.609,134.982,audio_features,0ve9Tpz8Yw0I4eXhWsy21o,spotify:track:0ve9Tpz8Yw0I4eXhWsy21o,https://api.spotify.com/v1/tracks/0ve9Tpz8Yw0I4eXhWsy21o,https://api.spotify.com/v1/audio-analysis/0ve9Tpz8Yw0I4eXhWsy21o,248707,4
106,107,裸の勇者,Vaundy,276012,https://open.spotify.com/track/3k64vNcgYPkETG7TNgpW4o,0.442,0.888,9,-5.747,0,0.121,0.0127,0.000727,0.2,0.435,163.032,audio_features,3k64vNcgYPkETG7TNgpW4o,spotify:track:3k64vNcgYPkETG7TNgpW4o,https://api.spotify.com/v1/tracks/3k64vNcgYPkETG7TNgpW4o,https://api.spotify.com/v1/audio-analysis/3k64vNcgYPkETG7TNgpW4o,201973,4
107,108,Shape of You,Ed Sheeran,274926,https://open.spotify.com/track/7qiZfU4dY1lWllzX7mPBI3,0.825,0.652,1,-3.183,0,0.0802,0.581,0.0,0.0931,0.931,95.977,audio_features,7qiZfU4dY1lWllzX7mPBI3,spotify:track:7qiZfU4dY1lWllzX7mPBI3,https://api.spotify.com/v1/tracks/7qiZfU4dY1lWllzX7mPBI3,https://api.spotify.com/v1/audio-analysis/7qiZfU4dY1lWllzX7mPBI3,233713,4
108,109,大阪LOVER,DREAMS COME TRUE,274264,https://open.spotify.com/track/2WpgKrUoWaZHQLTgT6aZBF,0.745,0.727,4,-4.902,0,0.0268,0.00554,0.0,0.375,0.546,129.703,audio_features,2WpgKrUoWaZHQLTgT6aZBF,spotify:track:2WpgKrUoWaZHQLTgT6aZBF,https://api.spotify.com/v1/tracks/2WpgKrUoWaZHQLTgT6aZBF,https://api.spotify.com/v1/audio-analysis/2WpgKrUoWaZHQLTgT6aZBF,266560,4
109,110,Shining One,BE:FIRST,274169,https://open.spotify.com/track/7DTKSwO1kTAJDu9Q5U73UZ,0.716,0.737,7,-5.671,0,0.0851,0.115,0.0,0.138,0.573,144.986,audio_features,7DTKSwO1kTAJDu9Q5U73UZ,spotify:track:7DTKSwO1kTAJDu9Q5U73UZ,https://api.spotify.com/v1/tracks/7DTKSwO1kTAJDu9Q5U73UZ,https://api.spotify.com/v1/audio-analysis/7DTKSwO1kTAJDu9Q5U73UZ,244107,4
110,111,Buddy,HIRAIDAI,273493,https://open.spotify.com/track/1GlT0DZKjapYwJzRcdBh4F,0.786,0.482,6,-6.82,1,0.0477,0.156,0.0,0.34,0.617,89.992,audio_features,1GlT0DZKjapYwJzRcdBh4F,spotify:track:1GlT0DZKjapYwJzRcdBh4F,https://api.spotify.com/v1/tracks/1GlT0DZKjapYwJzRcdBh4F,https://api.spotify.com/v1/audio-analysis/1GlT0DZKjapYwJzRcdBh4F,174233,4
111,112,Tokimeki,Vaundy,272468,https://open.spotify.com/track/18gB0d6DaRPvrQBbl7WEuk,0.657,0.697,5,-7.392,1,0.0297,0.00105,0.0225,0.286,0.915,120.028,audio_features,18gB0d6DaRPvrQBbl7WEuk,spotify:track:18gB0d6DaRPvrQBbl7WEuk,https://api.spotify.com/v1/tracks/18gB0d6DaRPvrQBbl7WEuk,https://api.spotify.com/v1/audio-analysis/18gB0d6DaRPvrQBbl7WEuk,212000,4
112,113,ミスター,YOASOBI,270102,https://open.spotify.com/track/2YbNZLoiREBYZo4HeKB8Np,0.732,0.933,1,-3.51,0,0.0548,0.0674,3.67e-05,0.202,0.611,119.971,audio_features,2YbNZLoiREBYZo4HeKB8Np,spotify:track:2YbNZLoiREBYZo4HeKB8Np,https://api.spotify.com/v1/tracks/2YbNZLoiREBYZo4HeKB8Np,https://api.spotify.com/v1/audio-analysis/2YbNZLoiREBYZo4HeKB8Np,187000,4
113,114,栞,Creep Hyp,268105,https://open.spotify.com/track/2Bsg6EfrmEx0x0eC8v4vuG,0.505,0.883,6,-3.094,1,0.0481,0.0117,0.0,0.0578,0.666,100.496,audio_features,2Bsg6EfrmEx0x0eC8v4vuG,spotify:track:2Bsg6EfrmEx0x0eC8v4vuG,https://api.spotify.com/v1/tracks/2Bsg6EfrmEx0x0eC8v4vuG,https://api.spotify.com/v1/audio-analysis/2Bsg6EfrmEx0x0eC8v4vuG,261547,4
114,115,My Universe,Coldplay,267148,https://open.spotify.com/track/46HNZY1i7O6jwTA7Slo2PI,0.573,0.711,1,-6.268,0,0.0406,0.0114,0.0,0.328,0.47,105.006,audio_features,46HNZY1i7O6jwTA7Slo2PI,spotify:track:46HNZY1i7O6jwTA7Slo2PI,https://api.spotify.com/v1/tracks/46HNZY1i7O6jwTA7Slo2PI,https://api.spotify.com/v1/audio-analysis/46HNZY1i7O6jwTA7Slo2PI,226198,4
115,116,Love Song,Uru,266774,https://open.spotify.com/track/2aAuO61alPO20xyePFHjdf,0.575,0.583,9,-4.72,1,0.0309,0.569,0.0,0.0894,0.39,137.766,audio_features,2aAuO61alPO20xyePFHjdf,spotify:track:2aAuO61alPO20xyePFHjdf,https://api.spotify.com/v1/tracks/2aAuO61alPO20xyePFHjdf,https://api.spotify.com/v1/audio-analysis/2aAuO61alPO20xyePFHjdf,286413,4
116,117,春を告げる,yama,266220,https://open.spotify.com/track/2Gmyw5Vg2X5YW2lM3OC7nD,0.548,0.871,11,-5.377,1,0.123,0.0397,0.0,0.357,0.487,120.009,audio_features,2Gmyw5Vg2X5YW2lM3OC7nD,spotify:track:2Gmyw5Vg2X5YW2lM3OC7nD,https://api.spotify.com/v1/tracks/2Gmyw5Vg2X5YW2lM3OC7nD,https://api.spotify.com/v1/audio-analysis/2Gmyw5Vg2X5YW2lM3OC7nD,196497,4
117,118,Bluma to Lunch,BLOOM VASE,264602,https://open.spotify.com/track/3EYWY7XBj1BkCKX3R3hoZk,0.756,0.726,7,-5.388,1,0.0489,0.034,0.000455,0.119,0.792,123.98,audio_features,3EYWY7XBj1BkCKX3R3hoZk,spotify:track:3EYWY7XBj1BkCKX3R3hoZk,https://api.spotify.com/v1/tracks/3EYWY7XBj1BkCKX3R3hoZk,https://api.spotify.com/v1/audio-analysis/3EYWY7XBj1BkCKX3R3hoZk,159040,4
118,119,全力少年,Sukima Switch,263746,https://open.spotify.com/track/3Ztjw8utVpcrzms1RrsJvR,0.639,0.79,2,-4.156,1,0.0263,0.25,0.0,0.299,0.733,133.948,audio_features,3Ztjw8utVpcrzms1RrsJvR,spotify:track:3Ztjw8utVpcrzms1RrsJvR,https://api.spotify.com/v1/tracks/3Ztjw8utVpcrzms1RrsJvR,https://api.spotify.com/v1/audio-analysis/3Ztjw8utVpcrzms1RrsJvR,272747,4
119,120,POP SONG,Kenshi Yonezu,263665,https://open.spotify.com/track/1rdr5D1dSqbEmLa97l36NZ,0.764,0.805,11,-6.47,0,0.118,0.268,6.29e-06,0.937,0.834,109.975,audio_features,1rdr5D1dSqbEmLa97l36NZ,spotify:track:1rdr5D1dSqbEmLa97l36NZ,https://api.spotify.com/v1/tracks/1rdr5D1dSqbEmLa97l36NZ,https://api.spotify.com/v1/audio-analysis/1rdr5D1dSqbEmLa97l36NZ,199187,4
120,121,阿修羅ちゃん,Ado,261731,https://open.spotify.com/track/0cN6iBeCR7NgeBeTIKjLml,0.629,0.945,1,-3.957,0,0.161,0.0712,0.0,0.312,0.686,156.048,audio_features,0cN6iBeCR7NgeBeTIKjLml,spotify:track:0cN6iBeCR7NgeBeTIKjLml,https://api.spotify.com/v1/tracks/0cN6iBeCR7NgeBeTIKjLml,https://api.spotify.com/v1/audio-analysis/0cN6iBeCR7NgeBeTIKjLml,195080,4
121,122,Curtain Call,Shota Shimizu,261355,https://open.spotify.com/track/3JzAKk0CpUlgzS1mPqzBwk,0.656,0.582,0,-5.85,1,0.0329,0.189,0.0,0.243,0.401,85.004,audio_features,3JzAKk0CpUlgzS1mPqzBwk,spotify:track:3JzAKk0CpUlgzS1mPqzBwk,https://api.spotify.com/v1/tracks/3JzAKk0CpUlgzS1mPqzBwk,https://api.spotify.com/v1/audio-analysis/3JzAKk0CpUlgzS1mPqzBwk,267587,4
122,123,Anarchy,Official HIGE DANdism,260118,https://open.spotify.com/track/0ZPYvSJZ1feuhUcG17PHqP,0.7,0.716,11,-7.834,0,0.0307,0.000311,0.00254,0.101,0.471,133.968,audio_features,0ZPYvSJZ1feuhUcG17PHqP,spotify:track:0ZPYvSJZ1feuhUcG17PHqP,https://api.spotify.com/v1/tracks/0ZPYvSJZ1feuhUcG17PHqP,https://api.spotify.com/v1/audio-analysis/0ZPYvSJZ1feuhUcG17PHqP,268431,4
123,124,まつり,Fujii Kaze,258265,https://open.spotify.com/track/3OdkC5pG8vc26S26qHyBo8,0.663,0.731,1,-7.335,1,0.0338,0.00892,0.0502,0.293,0.356,97.025,audio_features,3OdkC5pG8vc26S26qHyBo8,spotify:track:3OdkC5pG8vc26S26qHyBo8,https://api.spotify.com/v1/tracks/3OdkC5pG8vc26S26qHyBo8,https://api.spotify.com/v1/audio-analysis/3OdkC5pG8vc26S26qHyBo8,225920,4
124,125,ギラギラ,Ado,257874,https://open.spotify.com/track/2mSRPQsUDIXJFfo3CpKJBA,0.657,0.862,7,-4.163,1,0.0543,0.0492,0.0,0.0898,0.724,95.994,audio_features,2mSRPQsUDIXJFfo3CpKJBA,spotify:track:2mSRPQsUDIXJFfo3CpKJBA,https://api.spotify.com/v1/tracks/2mSRPQsUDIXJFfo3CpKJBA,https://api.spotify.com/v1/audio-analysis/2mSRPQsUDIXJFfo3CpKJBA,276080,4
125,126,世界の秘密,Vaundy,252703,https://open.spotify.com/track/2ISglgxR4TxUXxrA5Iqwzr,0.683,0.53,6,-6.749,0,0.0614,0.142,0.0,0.0978,0.823,159.969,audio_features,2ISglgxR4TxUXxrA5Iqwzr,spotify:track:2ISglgxR4TxUXxrA5Iqwzr,https://api.spotify.com/v1/tracks/2ISglgxR4TxUXxrA5Iqwzr,https://api.spotify.com/v1/audio-analysis/2ISglgxR4TxUXxrA5Iqwzr,221250,4
126,127,Boy With Luv (feat. Halsey),BTS,252510,https://open.spotify.com/track/4a9tbd947vo9K8Vti9JwcI,0.645,0.862,11,-4.761,0,0.0845,0.0933,0.0,0.193,0.803,119.947,audio_features,4a9tbd947vo9K8Vti9JwcI,spotify:track:4a9tbd947vo9K8Vti9JwcI,https://api.spotify.com/v1/tracks/4a9tbd947vo9K8Vti9JwcI,https://api.spotify.com/v1/audio-analysis/4a9tbd947vo9K8Vti9JwcI,229773,4
127,128,HANABI,Mr.Children,252482,https://open.spotify.com/track/0AU7xhipAm9Saq0k8A9Iua,0.638,0.766,1,-5.541,1,0.0268,0.157,0.0,0.124,0.595,112.005,audio_features,0AU7xhipAm9Saq0k8A9Iua,spotify:track:0AU7xhipAm9Saq0k8A9Iua,https://api.spotify.com/v1/tracks/0AU7xhipAm9Saq0k8A9Iua,https://api.spotify.com/v1/audio-analysis/0AU7xhipAm9Saq0k8A9Iua,342773,4
128,129,Darl+ing,SEVENTEEN,251844,https://open.spotify.com/track/6vo0dV9t7PCQZKsLFwVwZ5,0.71,0.686,0,-4.926,1,0.0713,0.296,0.0,0.492,0.483,96.06,audio_features,6vo0dV9t7PCQZKsLFwVwZ5,spotify:track:6vo0dV9t7PCQZKsLFwVwZ5,https://api.spotify.com/v1/tracks/6vo0dV9t7PCQZKsLFwVwZ5,https://api.spotify.com/v1/audio-analysis/6vo0dV9t7PCQZKsLFwVwZ5,176547,4
129,130,不思議,Gen Hoshino,251339,https://open.spotify.com/track/6NKn02oJDkUkRa9IHbMe3n,0.753,0.574,3,-4.57,1,0.0483,0.0512,3.71e-06,0.141,0.527,89.024,audio_features,6NKn02oJDkUkRa9IHbMe3n,spotify:track:6NKn02oJDkUkRa9IHbMe3n,https://api.spotify.com/v1/tracks/6NKn02oJDkUkRa9IHbMe3n,https://api.spotify.com/v1/audio-analysis/6NKn02oJDkUkRa9IHbMe3n,290000,4
130,131,インフェルノ,Mrs. GREEN APPLE,249904,https://open.spotify.com/track/2vOAHp8PBBFYqvQUWSoITY,0.533,0.918,4,-2.095,1,0.0616,0.00894,0.0,0.643,0.662,92.504,audio_features,2vOAHp8PBBFYqvQUWSoITY,spotify:track:2vOAHp8PBBFYqvQUWSoITY,https://api.spotify.com/v1/tracks/2vOAHp8PBBFYqvQUWSoITY,https://api.spotify.com/v1/audio-analysis/2vOAHp8PBBFYqvQUWSoITY,211600,4
131,132,HAPPY BIRTHDAY,back number,248341,https://open.spotify.com/track/4FMz2RFrbDGzJO7K4D0vS3,0.482,0.602,11,-4.365,1,0.0303,0.0702,0.0,0.0677,0.535,145.988,audio_features,4FMz2RFrbDGzJO7K4D0vS3,spotify:track:4FMz2RFrbDGzJO7K4D0vS3,https://api.spotify.com/v1/tracks/4FMz2RFrbDGzJO7K4D0vS3,https://api.spotify.com/v1/audio-analysis/4FMz2RFrbDGzJO7K4D0vS3,258333,4
132,133,丸ノ内サディスティック,Sheena Ringo,247119,https://open.spotify.com/track/1mWN1USPKg632qQXG9sfDL,0.425,0.916,8,-2.909,1,0.118,0.113,0.000398,0.108,0.659,199.694,audio_features,1mWN1USPKg632qQXG9sfDL,spotify:track:1mWN1USPKg632qQXG9sfDL,https://api.spotify.com/v1/tracks/1mWN1USPKg632qQXG9sfDL,https://api.spotify.com/v1/audio-analysis/1mWN1USPKg632qQXG9sfDL,235867,4
133,134,桜が降る夜は,Aimyon,245837,https://open.spotify.com/track/1iEsGutpDvMJG0zYqoKKmQ,0.641,0.957,5,-2.574,1,0.0455,0.384,1.05e-06,0.218,0.71,106.995,audio_features,1iEsGutpDvMJG0zYqoKKmQ,spotify:track:1iEsGutpDvMJG0zYqoKKmQ,https://api.spotify.com/v1/tracks/1iEsGutpDvMJG0zYqoKKmQ,https://api.spotify.com/v1/audio-analysis/1iEsGutpDvMJG0zYqoKKmQ,274800,4
134,135,Partner,有華,244726,https://open.spotify.com/track/48lsRmp9AC6tU4rP9QJx4H,0.789,0.63,9,-5.049,1,0.037,0.108,1.56e-06,0.132,0.836,95.009,audio_features,48lsRmp9AC6tU4rP9QJx4H,spotify:track:48lsRmp9AC6tU4rP9QJx4H,https://api.spotify.com/v1/tracks/48lsRmp9AC6tU4rP9QJx4H,https://api.spotify.com/v1/audio-analysis/48lsRmp9AC6tU4rP9QJx4H,174013,4
135,136,陽はまた昇るから,Ryokuoushoku Shakai,243398,https://open.spotify.com/track/43PlsJn27zRG2KjpL12eb7,0.576,0.944,6,-2.409,1,0.06,0.0541,0.0,0.334,0.727,142.04,audio_features,43PlsJn27zRG2KjpL12eb7,spotify:track:43PlsJn27zRG2KjpL12eb7,https://api.spotify.com/v1/tracks/43PlsJn27zRG2KjpL12eb7,https://api.spotify.com/v1/audio-analysis/43PlsJn27zRG2KjpL12eb7,266373,4
136,137,ハルカ,YOASOBI,242078,https://open.spotify.com/track/5D9MPWdY2hjSeTIGE5n5kv,0.712,0.817,1,-5.123,1,0.0279,0.0717,7.21e-06,0.146,0.679,100.016,audio_features,5D9MPWdY2hjSeTIGE5n5kv,spotify:track:5D9MPWdY2hjSeTIGE5n5kv,https://api.spotify.com/v1/tracks/5D9MPWdY2hjSeTIGE5n5kv,https://api.spotify.com/v1/audio-analysis/5D9MPWdY2hjSeTIGE5n5kv,243613,4
137,138,アイネクライネ,Kenshi Yonezu,241181,https://open.spotify.com/track/45YBVp6zMwQZRbUDcPzmMB,0.471,0.868,1,-2.291,1,0.0295,0.0384,0.0,0.297,0.811,173.969,audio_features,45YBVp6zMwQZRbUDcPzmMB,spotify:track:45YBVp6zMwQZRbUDcPzmMB,https://api.spotify.com/v1/tracks/45YBVp6zMwQZRbUDcPzmMB,https://api.spotify.com/v1/audio-analysis/45YBVp6zMwQZRbUDcPzmMB,288013,4
138,139,高嶺の花子さん,back number,239632,https://open.spotify.com/track/2jdbZGFp8KVTuk0YxDNL4l,0.54,0.923,9,-2.838,1,0.0623,0.066,0.0,0.124,0.343,137.977,audio_features,2jdbZGFp8KVTuk0YxDNL4l,spotify:track:2jdbZGFp8KVTuk0YxDNL4l,https://api.spotify.com/v1/tracks/2jdbZGFp8KVTuk0YxDNL4l,https://api.spotify.com/v1/audio-analysis/2jdbZGFp8KVTuk0YxDNL4l,294813,4
139,140,東京フラッシュ,Vaundy,238514,https://open.spotify.com/track/3vXdK7DCzJyp1MIh10TJFS,0.628,0.634,2,-5.508,1,0.0322,0.00255,7.24e-06,0.0456,0.606,97.99,audio_features,3vXdK7DCzJyp1MIh10TJFS,spotify:track:3vXdK7DCzJyp1MIh10TJFS,https://api.spotify.com/v1/tracks/3vXdK7DCzJyp1MIh10TJFS,https://api.spotify.com/v1/audio-analysis/3vXdK7DCzJyp1MIh10TJFS,258859,4
140,141,海のリビング,鈴木鈴木,236495,https://open.spotify.com/track/0CZB07xMxIGRfCZT93ynFj,0.652,0.846,10,-4.005,0,0.0374,0.0905,0.0,0.242,0.762,97.998,audio_features,0CZB07xMxIGRfCZT93ynFj,spotify:track:0CZB07xMxIGRfCZT93ynFj,https://api.spotify.com/v1/tracks/0CZB07xMxIGRfCZT93ynFj,https://api.spotify.com/v1/audio-analysis/0CZB07xMxIGRfCZT93ynFj,223600,4
141,142,Surges,Orangestar,236246,https://open.spotify.com/track/5XhxMq0dQNenKr6eDU79Ka,0.587,0.924,5,-4.622,1,0.0534,0.0775,0.0,0.256,0.882,136.95,audio_features,5XhxMq0dQNenKr6eDU79Ka,spotify:track:5XhxMq0dQNenKr6eDU79Ka,https://api.spotify.com/v1/tracks/5XhxMq0dQNenKr6eDU79Ka,https://api.spotify.com/v1/audio-analysis/5XhxMq0dQNenKr6eDU79Ka,120876,4
142,143,眩光,WANIMA,234059,https://open.spotify.com/track/0Imzg052WsTbxUNDMnZhmp,0.405,0.968,6,-2.425,1,0.0669,0.000918,6.25e-06,0.366,0.509,194.957,audio_features,0Imzg052WsTbxUNDMnZhmp,spotify:track:0Imzg052WsTbxUNDMnZhmp,https://api.spotify.com/v1/tracks/0Imzg052WsTbxUNDMnZhmp,https://api.spotify.com/v1/audio-analysis/0Imzg052WsTbxUNDMnZhmp,214245,4
143,144,アイノカタチ,MISIA,233052,https://open.spotify.com/track/7mSVOYRseiZi20xtBKhHnF,0.39,0.654,6,-6.247,1,0.0335,0.0241,0.0,0.196,0.304,180.043,audio_features,7mSVOYRseiZi20xtBKhHnF,spotify:track:7mSVOYRseiZi20xtBKhHnF,https://api.spotify.com/v1/tracks/7mSVOYRseiZi20xtBKhHnF,https://api.spotify.com/v1/audio-analysis/7mSVOYRseiZi20xtBKhHnF,262693,4
144,145,奏(かなで),Sukima Switch,232616,https://open.spotify.com/track/5RbMlPFL4gVyEHW2lEOuzG,0.519,0.666,10,-6.163,1,0.0262,0.553,0.000169,0.0948,0.461,149.839,audio_features,5RbMlPFL4gVyEHW2lEOuzG,spotify:track:5RbMlPFL4gVyEHW2lEOuzG,https://api.spotify.com/v1/tracks/5RbMlPFL4gVyEHW2lEOuzG,https://api.spotify.com/v1/audio-analysis/5RbMlPFL4gVyEHW2lEOuzG,328627,4
145,146,ミズキリ,Yuuri,230767,https://open.spotify.com/track/6T8eKlvqWuPKJT7euIqoxX,0.446,0.706,1,-5.447,1,0.033,0.163,0.0,0.11,0.445,179.906,audio_features,6T8eKlvqWuPKJT7euIqoxX,spotify:track:6T8eKlvqWuPKJT7euIqoxX,https://api.spotify.com/v1/tracks/6T8eKlvqWuPKJT7euIqoxX,https://api.spotify.com/v1/audio-analysis/6T8eKlvqWuPKJT7euIqoxX,208400,4
146,147,カタオモイ,Aimer,229203,https://open.spotify.com/track/2HovXsvcdJur52BOcYGydz,0.621,0.533,1,-5.974,1,0.0342,0.78,0.0,0.333,0.791,96.981,audio_features,2HovXsvcdJur52BOcYGydz,spotify:track:2HovXsvcdJur52BOcYGydz,https://api.spotify.com/v1/tracks/2HovXsvcdJur52BOcYGydz,https://api.spotify.com/v1/audio-analysis/2HovXsvcdJur52BOcYGydz,207360,4
147,148,炎,LiSA,228303,https://open.spotify.com/track/0cSkn2l67csUljEy0EEBPn,0.477,0.685,2,-4.554,1,0.0325,0.105,0.0,0.277,0.308,152.04,audio_features,0cSkn2l67csUljEy0EEBPn,spotify:track:0cSkn2l67csUljEy0EEBPn,https://api.spotify.com/v1/tracks/0cSkn2l67csUljEy0EEBPn,https://api.spotify.com/v1/audio-analysis/0cSkn2l67csUljEy0EEBPn,275000,4
148,149,There's Nothing Holdin' Me Back,Shawn Mendes,227747,https://open.spotify.com/track/7JJmb5XwzOO8jgpou264Ml,0.866,0.813,11,-4.063,0,0.0554,0.38,0.0,0.0779,0.969,121.998,audio_features,7JJmb5XwzOO8jgpou264Ml,spotify:track:7JJmb5XwzOO8jgpou264Ml,https://api.spotify.com/v1/tracks/7JJmb5XwzOO8jgpou264Ml,https://api.spotify.com/v1/audio-analysis/7JJmb5XwzOO8jgpou264Ml,199440,4
149,150,君に夢中,Hikaru Utada,225415,https://open.spotify.com/track/0oxWaHk4e669g5VHbQCflA,0.504,0.553,1,-9.163,1,0.0943,0.599,4.56e-06,0.106,0.435,171.914,audio_features,0oxWaHk4e669g5VHbQCflA,spotify:track:0oxWaHk4e669g5VHbQCflA,https://api.spotify.com/v1/tracks/0oxWaHk4e669g5VHbQCflA,https://api.spotify.com/v1/audio-analysis/0oxWaHk4e669g5VHbQCflA,257953,4
150,151,Ordinary days,milet,224873,https://open.spotify.com/track/3RmXzfrmc77FqDaIgxA2me,0.686,0.608,6,-5.766,1,0.03,0.151,0.0,0.134,0.315,98.987,audio_features,3RmXzfrmc77FqDaIgxA2me,spotify:track:3RmXzfrmc77FqDaIgxA2me,https://api.spotify.com/v1/tracks/3RmXzfrmc77FqDaIgxA2me,https://api.spotify.com/v1/audio-analysis/3RmXzfrmc77FqDaIgxA2me,270787,4
151,152,ノーダウト,Official HIGE DANdism,224551,https://open.spotify.com/track/5DMEvbg3gUmiR5HIBWdveV,0.574,0.936,2,-3.185,1,0.0701,0.0585,0.0,0.336,0.792,149.954,audio_features,5DMEvbg3gUmiR5HIBWdveV,spotify:track:5DMEvbg3gUmiR5HIBWdveV,https://api.spotify.com/v1/tracks/5DMEvbg3gUmiR5HIBWdveV,https://api.spotify.com/v1/audio-analysis/5DMEvbg3gUmiR5HIBWdveV,202395,4
152,153,Pale Blue,Kenshi Yonezu,224535,https://open.spotify.com/track/52RfEh76AVKPwtUtTV9ufl,0.688,0.457,2,-8.635,1,0.0487,0.206,1.51e-05,0.406,0.445,87.99,audio_features,52RfEh76AVKPwtUtTV9ufl,spotify:track:52RfEh76AVKPwtUtTV9ufl,https://api.spotify.com/v1/tracks/52RfEh76AVKPwtUtTV9ufl,https://api.spotify.com/v1/audio-analysis/52RfEh76AVKPwtUtTV9ufl,296547,4
153,154,ハレンチ,CHANMINA,224275,https://open.spotify.com/track/2BfzhBl79bcPOHHXAXJkTY,0.713,0.869,11,-6.002,0,0.0519,0.0469,1.33e-06,0.383,0.56,120.021,audio_features,2BfzhBl79bcPOHHXAXJkTY,spotify:track:2BfzhBl79bcPOHHXAXJkTY,https://api.spotify.com/v1/tracks/2BfzhBl79bcPOHHXAXJkTY,https://api.spotify.com/v1/audio-analysis/2BfzhBl79bcPOHHXAXJkTY,198709,4
154,155,Universe,Official HIGE DANdism,223876,https://open.spotify.com/track/0RuLz62h4YPNXqdO20Fmf6,0.503,0.895,1,-5.706,1,0.154,0.0774,6.15e-06,0.165,0.596,185.976,audio_features,0RuLz62h4YPNXqdO20Fmf6,spotify:track:0RuLz62h4YPNXqdO20Fmf6,https://api.spotify.com/v1/tracks/0RuLz62h4YPNXqdO20Fmf6,https://api.spotify.com/v1/audio-analysis/0RuLz62h4YPNXqdO20Fmf6,285813,4
155,156,何度でも,DREAMS COME TRUE,222379,https://open.spotify.com/track/6Qq8UOS6QzeSYFUVXC5wEB,0.551,0.768,4,-5.147,1,0.0386,0.213,0.0,0.253,0.35,100.037,audio_features,6Qq8UOS6QzeSYFUVXC5wEB,spotify:track:6Qq8UOS6QzeSYFUVXC5wEB,https://api.spotify.com/v1/tracks/6Qq8UOS6QzeSYFUVXC5wEB,https://api.spotify.com/v1/audio-analysis/6Qq8UOS6QzeSYFUVXC5wEB,222760,4
156,157,小さな恋のうた,MONGOL800,221526,https://open.spotify.com/track/23atyJacJVHvB9RHBNhr35,0.403,0.778,11,-4.856,1,0.0395,0.00203,0.0,0.227,0.628,115.581,audio_features,23atyJacJVHvB9RHBNhr35,spotify:track:23atyJacJVHvB9RHBNhr35,https://api.spotify.com/v1/tracks/23atyJacJVHvB9RHBNhr35,https://api.spotify.com/v1/audio-analysis/23atyJacJVHvB9RHBNhr35,222640,4
157,158,僕のこと,Mrs. GREEN APPLE,221424,https://open.spotify.com/track/0tnhoHUrHfcLi9hPknUFZ4,0.439,0.708,7,-3.825,1,0.0528,0.0129,0.0,0.147,0.454,160.027,audio_features,0tnhoHUrHfcLi9hPknUFZ4,spotify:track:0tnhoHUrHfcLi9hPknUFZ4,https://api.spotify.com/v1/tracks/0tnhoHUrHfcLi9hPknUFZ4,https://api.spotify.com/v1/audio-analysis/0tnhoHUrHfcLi9hPknUFZ4,321307,4
158,159,君はロックを聴かない,Aimyon,221409,https://open.spotify.com/track/59eluCMn0XbOWqeWQ91FTM,0.524,0.687,7,-4.039,1,0.0267,0.00135,0.0,0.169,0.619,99.919,audio_features,59eluCMn0XbOWqeWQ91FTM,spotify:track:59eluCMn0XbOWqeWQ91FTM,https://api.spotify.com/v1/tracks/59eluCMn0XbOWqeWQ91FTM,https://api.spotify.com/v1/audio-analysis/59eluCMn0XbOWqeWQ91FTM,246307,4
159,160,MELODY (prod.by BREIMEN),Akihito Okano,220634,https://open.spotify.com/track/5ExfTiWAHvxG03Kq9zrjBn,0.554,0.768,11,-6.533,1,0.0614,0.0243,8.5e-05,0.0703,0.67,95.004,audio_features,5ExfTiWAHvxG03Kq9zrjBn,spotify:track:5ExfTiWAHvxG03Kq9zrjBn,https://api.spotify.com/v1/tracks/5ExfTiWAHvxG03Kq9zrjBn,https://api.spotify.com/v1/audio-analysis/5ExfTiWAHvxG03Kq9zrjBn,245974,4
160,161,Ghost,Justin Bieber,219938,https://open.spotify.com/track/6I3mqTwhRpn34SLVafSH7G,0.601,0.741,2,-5.569,1,0.0478,0.185,2.91e-05,0.415,0.441,153.96,audio_features,6I3mqTwhRpn34SLVafSH7G,spotify:track:6I3mqTwhRpn34SLVafSH7G,https://api.spotify.com/v1/tracks/6I3mqTwhRpn34SLVafSH7G,https://api.spotify.com/v1/audio-analysis/6I3mqTwhRpn34SLVafSH7G,153190,4
161,162,天体観測,BUMP OF CHICKEN,219552,https://open.spotify.com/track/3hRRYgBeunE3PTmnzATTS0,0.366,0.949,1,-3.552,1,0.11,0.381,0.0,0.0902,0.467,164.979,audio_features,3hRRYgBeunE3PTmnzATTS0,spotify:track:3hRRYgBeunE3PTmnzATTS0,https://api.spotify.com/v1/tracks/3hRRYgBeunE3PTmnzATTS0,https://api.spotify.com/v1/audio-analysis/3hRRYgBeunE3PTmnzATTS0,263600,4
162,163,永遠,Mr.Children,217685,https://open.spotify.com/track/7oCZ1O1L4TuLRnmt8Io4IU,0.373,0.53,1,-6.537,1,0.0313,0.0962,0.0,0.0824,0.29,159.693,audio_features,7oCZ1O1L4TuLRnmt8Io4IU,spotify:track:7oCZ1O1L4TuLRnmt8Io4IU,https://api.spotify.com/v1/tracks/7oCZ1O1L4TuLRnmt8Io4IU,https://api.spotify.com/v1/audio-analysis/7oCZ1O1L4TuLRnmt8Io4IU,372309,4
163,164,Bubble (feat. Uta),Eve,216857,https://open.spotify.com/track/13EtMetztrji5zrka6Uzd3,0.541,0.803,5,-4.725,1,0.033,0.0134,0.0,0.101,0.442,146.0,audio_features,13EtMetztrji5zrka6Uzd3,spotify:track:13EtMetztrji5zrka6Uzd3,https://api.spotify.com/v1/tracks/13EtMetztrji5zrka6Uzd3,https://api.spotify.com/v1/audio-analysis/13EtMetztrji5zrka6Uzd3,226874,4
164,165,キセキ,GReeeeN,216461,https://open.spotify.com/track/7ztdl6cnbJgHRdMkKldkts,0.641,0.618,0,-4.269,1,0.0259,0.0932,0.0,0.155,0.338,90.032,audio_features,7ztdl6cnbJgHRdMkKldkts,spotify:track:7ztdl6cnbJgHRdMkKldkts,https://api.spotify.com/v1/tracks/7ztdl6cnbJgHRdMkKldkts,https://api.spotify.com/v1/audio-analysis/7ztdl6cnbJgHRdMkKldkts,271160,4
165,166,アンコール,YOASOBI,215099,https://open.spotify.com/track/465JzFiajJO59sUrDFsxdC,0.682,0.669,2,-4.741,1,0.0275,0.283,1e-06,0.145,0.831,81.999,audio_features,465JzFiajJO59sUrDFsxdC,spotify:track:465JzFiajJO59sUrDFsxdC,https://api.spotify.com/v1/tracks/465JzFiajJO59sUrDFsxdC,https://api.spotify.com/v1/audio-analysis/465JzFiajJO59sUrDFsxdC,271440,4
166,167,愛を知るまでは,Aimyon,214939,https://open.spotify.com/track/5gh0y6ZmuppQvoPbAGkeE2,0.564,0.634,11,-4.13,1,0.0279,0.0531,3.1e-06,0.128,0.683,110.073,audio_features,5gh0y6ZmuppQvoPbAGkeE2,spotify:track:5gh0y6ZmuppQvoPbAGkeE2,https://api.spotify.com/v1/tracks/5gh0y6ZmuppQvoPbAGkeE2,https://api.spotify.com/v1/audio-analysis/5gh0y6ZmuppQvoPbAGkeE2,276253,4
167,168,センチメンタル・キス - Acoustic ver.,汐れいら,213209,https://open.spotify.com/track/534CTO8v2KnPNSMJ0jI3W3,0.696,0.327,6,-6.041,1,0.0265,0.725,0.0,0.0965,0.394,76.984,audio_features,534CTO8v2KnPNSMJ0jI3W3,spotify:track:534CTO8v2KnPNSMJ0jI3W3,https://api.spotify.com/v1/tracks/534CTO8v2KnPNSMJ0jI3W3,https://api.spotify.com/v1/audio-analysis/534CTO8v2KnPNSMJ0jI3W3,326104,4
168,169,Bam Bam (feat. Ed Sheeran),Camila Cabello,212909,https://open.spotify.com/track/2DB4DdfCFMw1iaR6JaR03a,0.756,0.697,8,-6.377,1,0.0401,0.182,0.0,0.333,0.956,94.996,audio_features,2DB4DdfCFMw1iaR6JaR03a,spotify:track:2DB4DdfCFMw1iaR6JaR03a,https://api.spotify.com/v1/tracks/2DB4DdfCFMw1iaR6JaR03a,https://api.spotify.com/v1/audio-analysis/2DB4DdfCFMw1iaR6JaR03a,206071,4
169,170,春泥棒,ヨルシカ,212909,https://open.spotify.com/track/1rr2DJOxV0sHXeUXCAz1yf,0.762,0.595,5,-6.777,1,0.0445,0.103,4.71e-05,0.115,0.858,125.047,audio_features,1rr2DJOxV0sHXeUXCAz1yf,spotify:track:1rr2DJOxV0sHXeUXCAz1yf,https://api.spotify.com/v1/tracks/1rr2DJOxV0sHXeUXCAz1yf,https://api.spotify.com/v1/audio-analysis/1rr2DJOxV0sHXeUXCAz1yf,290289,4
170,171,春愁,Mrs. GREEN APPLE,212869,https://open.spotify.com/track/5SHguvOUbyPTINNjCvRo8K,0.724,0.444,10,-4.903,1,0.0412,0.0121,0.0,0.123,0.739,129.962,audio_features,5SHguvOUbyPTINNjCvRo8K,spotify:track:5SHguvOUbyPTINNjCvRo8K,https://api.spotify.com/v1/tracks/5SHguvOUbyPTINNjCvRo8K,https://api.spotify.com/v1/audio-analysis/5SHguvOUbyPTINNjCvRo8K,183800,4
171,172,Shivers,Ed Sheeran,212456,https://open.spotify.com/track/50nfwKoDiSYg8zOCREWAm5,0.788,0.859,2,-2.724,1,0.0856,0.281,0.0,0.0424,0.822,141.02,audio_features,50nfwKoDiSYg8zOCREWAm5,spotify:track:50nfwKoDiSYg8zOCREWAm5,https://api.spotify.com/v1/tracks/50nfwKoDiSYg8zOCREWAm5,https://api.spotify.com/v1/audio-analysis/50nfwKoDiSYg8zOCREWAm5,207853,4
172,173,Nijiiro no Sensou,SEKAI NO OWARI,212431,https://open.spotify.com/track/5lkk7V7MbxxVbJ93qUO81D,0.479,0.872,11,-5.11,0,0.0538,0.000833,2.1e-06,0.0784,0.544,170.037,audio_features,5lkk7V7MbxxVbJ93qUO81D,spotify:track:5lkk7V7MbxxVbJ93qUO81D,https://api.spotify.com/v1/tracks/5lkk7V7MbxxVbJ93qUO81D,https://api.spotify.com/v1/audio-analysis/5lkk7V7MbxxVbJ93qUO81D,337133,4
173,174,あの夢をなぞって,YOASOBI,211602,https://open.spotify.com/track/5ptl2PXkiSth54HCuGO7vN,0.534,0.794,8,-3.738,1,0.0402,0.334,0.00093,0.159,0.711,179.976,audio_features,5ptl2PXkiSth54HCuGO7vN,spotify:track:5ptl2PXkiSth54HCuGO7vN,https://api.spotify.com/v1/tracks/5ptl2PXkiSth54HCuGO7vN,https://api.spotify.com/v1/audio-analysis/5ptl2PXkiSth54HCuGO7vN,240747,4
174,175,ともに,WANIMA,211331,https://open.spotify.com/track/6FHgHDXiGnRfhrSok9xAz3,0.553,0.968,6,-2.57,1,0.0534,0.00257,0.0,0.28,0.862,127.077,audio_features,6FHgHDXiGnRfhrSok9xAz3,spotify:track:6FHgHDXiGnRfhrSok9xAz3,https://api.spotify.com/v1/tracks/6FHgHDXiGnRfhrSok9xAz3,https://api.spotify.com/v1/audio-analysis/6FHgHDXiGnRfhrSok9xAz3,207369,4
175,176,プロローグ,Uru,211210,https://open.spotify.com/track/4YMukCV1BsdK8V9kZoQpT6,0.436,0.69,0,-5.136,1,0.0534,0.483,0.0,0.0878,0.322,170.133,audio_features,4YMukCV1BsdK8V9kZoQpT6,spotify:track:4YMukCV1BsdK8V9kZoQpT6,https://api.spotify.com/v1/tracks/4YMukCV1BsdK8V9kZoQpT6,https://api.spotify.com/v1/audio-analysis/4YMukCV1BsdK8V9kZoQpT6,302347,4
176,177,ミラーチューン,ZUTOMAYO,210868,https://open.spotify.com/track/0R8JLNP107Hr7V7lL9oh13,0.704,0.933,0,-2.383,0,0.0863,0.357,0.0,0.353,0.895,127.965,audio_features,0R8JLNP107Hr7V7lL9oh13,spotify:track:0R8JLNP107Hr7V7lL9oh13,https://api.spotify.com/v1/tracks/0R8JLNP107Hr7V7lL9oh13,https://api.spotify.com/v1/audio-analysis/0R8JLNP107Hr7V7lL9oh13,249273,4
177,178,まちがいさがし,Masaki Suda,210477,https://open.spotify.com/track/55Ww4Pa1iIQMhh0MLMetjo,0.534,0.642,2,-5.568,1,0.0372,0.523,0.0,0.39,0.443,155.921,audio_features,55Ww4Pa1iIQMhh0MLMetjo,spotify:track:55Ww4Pa1iIQMhh0MLMetjo,https://api.spotify.com/v1/tracks/55Ww4Pa1iIQMhh0MLMetjo,https://api.spotify.com/v1/audio-analysis/55Ww4Pa1iIQMhh0MLMetjo,223640,4
178,179,ただ君に晴れ,ヨルシカ,210369,https://open.spotify.com/track/3wJHCry960drNlAUGrJLmz,0.679,0.834,5,-3.223,1,0.032,0.343,5.74e-06,0.119,0.962,139.996,audio_features,3wJHCry960drNlAUGrJLmz,spotify:track:3wJHCry960drNlAUGrJLmz,https://api.spotify.com/v1/tracks/3wJHCry960drNlAUGrJLmz,https://api.spotify.com/v1/audio-analysis/3wJHCry960drNlAUGrJLmz,198971,4
179,180,2002,Anne-Marie,210309,https://open.spotify.com/track/2BgEsaKNfHUdlh97KmvFyo,0.697,0.683,1,-2.881,0,0.117,0.0372,0.0,0.137,0.603,96.133,audio_features,2BgEsaKNfHUdlh97KmvFyo,spotify:track:2BgEsaKNfHUdlh97KmvFyo,https://api.spotify.com/v1/tracks/2BgEsaKNfHUdlh97KmvFyo,https://api.spotify.com/v1/audio-analysis/2BgEsaKNfHUdlh97KmvFyo,186987,4
180,181,Yesterday,Official HIGE DANdism,210060,https://open.spotify.com/track/1kMlcLyljkrShV0LSdSGBz,0.541,0.8,6,-3.687,1,0.0382,0.0442,0.0,0.398,0.56,129.939,audio_features,1kMlcLyljkrShV0LSdSGBz,spotify:track:1kMlcLyljkrShV0LSdSGBz,https://api.spotify.com/v1/tracks/1kMlcLyljkrShV0LSdSGBz,https://api.spotify.com/v1/audio-analysis/1kMlcLyljkrShV0LSdSGBz,299164,4
181,182,心という名の不可解,Ado,209030,https://open.spotify.com/track/5dwkmgutIFdurpXlzEyCtB,0.573,0.884,0,-3.873,1,0.113,0.05,0.0,0.289,0.595,152.0,audio_features,5dwkmgutIFdurpXlzEyCtB,spotify:track:5dwkmgutIFdurpXlzEyCtB,https://api.spotify.com/v1/tracks/5dwkmgutIFdurpXlzEyCtB,https://api.spotify.com/v1/audio-analysis/5dwkmgutIFdurpXlzEyCtB,269893,4
182,183,猫 〜THE FIRST TAKE ver.〜,DISH//,208940,https://open.spotify.com/track/25BJRpLBe3i6d8okphoRAm,0.635,0.578,8,-6.749,1,0.132,0.539,0.0,0.115,0.584,77.065,audio_features,25BJRpLBe3i6d8okphoRAm,spotify:track:25BJRpLBe3i6d8okphoRAm,https://api.spotify.com/v1/tracks/25BJRpLBe3i6d8okphoRAm,https://api.spotify.com/v1/audio-analysis/25BJRpLBe3i6d8okphoRAm,273893,4
183,184,君の為のキミノウタ,Takaya Kawasaki,208144,https://open.spotify.com/track/56Cdqx7BdhEsUUMctdORvU,0.602,0.3,9,-6.686,1,0.0295,0.81,0.0,0.107,0.432,133.825,audio_features,56Cdqx7BdhEsUUMctdORvU,spotify:track:56Cdqx7BdhEsUUMctdORvU,https://api.spotify.com/v1/tracks/56Cdqx7BdhEsUUMctdORvU,https://api.spotify.com/v1/audio-analysis/56Cdqx7BdhEsUUMctdORvU,313877,4
184,185,さよならエレジー,Masaki Suda,206321,https://open.spotify.com/track/3oYD2O31b05fILFpv0AXRI,0.466,0.934,1,-2.736,1,0.0539,0.00331,0.0,0.277,0.615,154.961,audio_features,3oYD2O31b05fILFpv0AXRI,spotify:track:3oYD2O31b05fILFpv0AXRI,https://api.spotify.com/v1/tracks/3oYD2O31b05fILFpv0AXRI,https://api.spotify.com/v1/audio-analysis/3oYD2O31b05fILFpv0AXRI,257067,4
185,186,ヤングアダルト,Macaroni Empitsu,205449,https://open.spotify.com/track/3IanNVIcOMlKFr329uhNcA,0.744,0.831,3,-4.8,1,0.0355,0.334,2.71e-06,0.0879,0.834,131.053,audio_features,3IanNVIcOMlKFr329uhNcA,spotify:track:3IanNVIcOMlKFr329uhNcA,https://api.spotify.com/v1/tracks/3IanNVIcOMlKFr329uhNcA,https://api.spotify.com/v1/audio-analysis/3IanNVIcOMlKFr329uhNcA,258159,4
186,187,Wherever you are,ONE OK ROCK,204963,https://open.spotify.com/track/7a7EIFzJLd7lcDRgThMQgm,0.379,0.69,4,-4.79,1,0.0549,0.0286,0.0,0.335,0.288,173.716,audio_features,7a7EIFzJLd7lcDRgThMQgm,spotify:track:7a7EIFzJLd7lcDRgThMQgm,https://api.spotify.com/v1/tracks/7a7EIFzJLd7lcDRgThMQgm,https://api.spotify.com/v1/audio-analysis/7a7EIFzJLd7lcDRgThMQgm,295600,4
187,188,Chopstick,NiziU,204756,https://open.spotify.com/track/6Yv0xoR37tcxzvey8ybW5l,0.817,0.82,0,-2.954,1,0.0601,0.143,0.0,0.35,0.733,141.002,audio_features,6Yv0xoR37tcxzvey8ybW5l,spotify:track:6Yv0xoR37tcxzvey8ybW5l,https://api.spotify.com/v1/tracks/6Yv0xoR37tcxzvey8ybW5l,https://api.spotify.com/v1/audio-analysis/6Yv0xoR37tcxzvey8ybW5l,177973,4
188,189,Tie Me Down (with Elley Duhé),Gryffin,204659,https://open.spotify.com/track/2zh01m4PiHaZz4BAm0NRxs,0.608,0.845,6,-2.292,1,0.0597,0.136,0.0,0.111,0.322,98.976,audio_features,2zh01m4PiHaZz4BAm0NRxs,spotify:track:2zh01m4PiHaZz4BAm0NRxs,https://api.spotify.com/v1/tracks/2zh01m4PiHaZz4BAm0NRxs,https://api.spotify.com/v1/audio-analysis/2zh01m4PiHaZz4BAm0NRxs,218240,4
189,190,ハルノヒ,Aimyon,204606,https://open.spotify.com/track/1oNeSCt0CMekCyyLo06kFs,0.592,0.672,9,-2.447,1,0.0294,0.261,0.0,0.109,0.523,106.948,audio_features,1oNeSCt0CMekCyyLo06kFs,spotify:track:1oNeSCt0CMekCyyLo06kFs,https://api.spotify.com/v1/tracks/1oNeSCt0CMekCyyLo06kFs,https://api.spotify.com/v1/audio-analysis/1oNeSCt0CMekCyyLo06kFs,326867,4
190,191,ラブレター,YOASOBI,204389,https://open.spotify.com/track/0UcjHexmVrLkUOflxPefNe,0.658,0.872,7,-3.009,1,0.0303,0.42,0.0,0.324,0.664,100.009,audio_features,0UcjHexmVrLkUOflxPefNe,spotify:track:0UcjHexmVrLkUOflxPefNe,https://api.spotify.com/v1/tracks/0UcjHexmVrLkUOflxPefNe,https://api.spotify.com/v1/audio-analysis/0UcjHexmVrLkUOflxPefNe,210507,4
191,192,melt bitter,satomoka,204200,https://open.spotify.com/track/6uSe3ACORUIVrAyiP84RZi,0.692,0.58,6,-4.539,1,0.036,0.0467,6.03e-05,0.326,0.626,96.067,audio_features,6uSe3ACORUIVrAyiP84RZi,spotify:track:6uSe3ACORUIVrAyiP84RZi,https://api.spotify.com/v1/tracks/6uSe3ACORUIVrAyiP84RZi,https://api.spotify.com/v1/audio-analysis/6uSe3ACORUIVrAyiP84RZi,309840,4
192,193,Simple,sumika,202701,https://open.spotify.com/track/2VUQEplQ848X6lFLzBxQT8,0.685,0.845,5,-6.188,1,0.0866,0.0195,0.0,0.0933,0.433,130.029,audio_features,2VUQEplQ848X6lFLzBxQT8,spotify:track:2VUQEplQ848X6lFLzBxQT8,https://api.spotify.com/v1/tracks/2VUQEplQ848X6lFLzBxQT8,https://api.spotify.com/v1/audio-analysis/2VUQEplQ848X6lFLzBxQT8,285832,4
193,194,Savage,aespa,202690,https://open.spotify.com/track/3dbLT62Cvs46Ju7a8gpr36,0.727,0.879,9,-1.167,1,0.129,0.124,1.17e-05,0.244,0.671,146.959,audio_features,3dbLT62Cvs46Ju7a8gpr36,spotify:track:3dbLT62Cvs46Ju7a8gpr36,https://api.spotify.com/v1/tracks/3dbLT62Cvs46Ju7a8gpr36,https://api.spotify.com/v1/audio-analysis/3dbLT62Cvs46Ju7a8gpr36,238144,4
194,195,韻波句徒,CHEHON,202632,https://open.spotify.com/track/22x5EpcJkfE3SHBONJG6FS,0.806,0.863,10,-2.679,0,0.0518,0.408,0.0,0.0755,0.928,122.03,audio_features,22x5EpcJkfE3SHBONJG6FS,spotify:track:22x5EpcJkfE3SHBONJG6FS,https://api.spotify.com/v1/tracks/22x5EpcJkfE3SHBONJG6FS,https://api.spotify.com/v1/audio-analysis/22x5EpcJkfE3SHBONJG6FS,291440,4
195,196,ハルジオン,YOASOBI,202560,https://open.spotify.com/track/08YwAPnX8sygJUXG9rvhDv,0.687,0.873,8,-3.852,1,0.0335,0.0545,0.0,0.318,0.884,130.024,audio_features,08YwAPnX8sygJUXG9rvhDv,spotify:track:08YwAPnX8sygJUXG9rvhDv,https://api.spotify.com/v1/tracks/08YwAPnX8sygJUXG9rvhDv,https://api.spotify.com/v1/audio-analysis/08YwAPnX8sygJUXG9rvhDv,198600,4
196,197,MIRROR MIRROR,HIRAIDAI,202246,https://open.spotify.com/track/3nFxkwyRpr4xYBR9Z0ywjo,0.595,0.642,11,-4.895,1,0.0544,0.178,0.0,0.091,0.562,157.674,audio_features,3nFxkwyRpr4xYBR9Z0ywjo,spotify:track:3nFxkwyRpr4xYBR9Z0ywjo,https://api.spotify.com/v1/tracks/3nFxkwyRpr4xYBR9Z0ywjo,https://api.spotify.com/v1/audio-analysis/3nFxkwyRpr4xYBR9Z0ywjo,186650,4
197,198,ホワイトキス,鈴木鈴木,201644,https://open.spotify.com/track/7sRYDTjWTX00fd9BCOflLo,0.704,0.797,1,-4.7,1,0.0505,0.133,0.0,0.284,0.619,110.003,audio_features,7sRYDTjWTX00fd9BCOflLo,spotify:track:7sRYDTjWTX00fd9BCOflLo,https://api.spotify.com/v1/tracks/7sRYDTjWTX00fd9BCOflLo,https://api.spotify.com/v1/audio-analysis/7sRYDTjWTX00fd9BCOflLo,274860,4
198,199,うっせぇわ,Ado,201535,https://open.spotify.com/track/5QS01sq07pThdktoNUxXRZ,0.526,0.976,11,-1.084,0,0.0799,0.00459,0.0,0.102,0.554,178.129,audio_features,5QS01sq07pThdktoNUxXRZ,spotify:track:5QS01sq07pThdktoNUxXRZ,https://api.spotify.com/v1/tracks/5QS01sq07pThdktoNUxXRZ,https://api.spotify.com/v1/audio-analysis/5QS01sq07pThdktoNUxXRZ,206893,4
199,200,Euphoria,BTS,201377,https://open.spotify.com/track/5YMXGBD6vcYP7IolemyLtK,0.637,0.799,2,-4.518,1,0.0338,0.394,0.0,0.0921,0.57,104.996,audio_features,5YMXGBD6vcYP7IolemyLtK,spotify:track:5YMXGBD6vcYP7IolemyLtK,https://api.spotify.com/v1/tracks/5YMXGBD6vcYP7IolemyLtK,https://api.spotify.com/v1/audio-analysis/5YMXGBD6vcYP7IolemyLtK,228615,4
